"";;"VALENTINI COMERCIO DE CALCADOS EIRELI LTDA";;;;;;"RELATÓRIO DE ESTOQUES POR GRADE";;;;;;;;;;;;;;"DATA:";"27/08/2014";;;
;;"89190-000  TAIO  SC";"";;;"SITUAÇÃO EM 27 DE AGOSTO DE 2014";;;;;;;;;;"PÁG.:";"1";
;;" Filiais: '1'";;;
"REFERÊNCIA/DESCRIÇÃO";;;;"";;;"UNIDADE";;"TAMANHOS";;;"";;;;;;;;;;;;;;;;"TOTALESTOQUE";"VALORFINANCEIRO";"CUSTOMÉDIO";;;;"";
"";;;;;;;"";;;;;;;;;;;;;;;;;;;;;;;;;;;;
"FORNECEDOR: 62 - ADDER - J.CORREA";;;;;;;;;
"292389 - ADDER BOTA 501";;;;;;;;"UN";"37";"39";"41";"42";"";"";"";;"";"";;"";"";"";;"";"";"";"";
"";;"TAUPE";;;;;;;"1";"1";"11";"1";"";"";"";;"";"";;"";"";"";;"";"";"";"";"14";"276,34";;"19,74";;;"";
"291554 - ADDER TENIS SKATE MASCULINO";;;;;;;;"UN";"36";"37";"39";"41";"42";"43";"";;"";"";;"";"";"";;"";"";"";"";"";;;;;;;
"";;"BRANCO";;;;;;;"";"1";"";"";"1";"";"";;"";"";;"";"";"";;"";"";"";"";"2";"120,87";;"60,44";;;"";
"";;"PRETO";;;;;;;"1";"";"1";"1";"";"";"";;"";"";;"";"";"";;"";"";"";"";"3";"115,48";;"38,49";;;"";
"";;"TAUPE";;;;;;;"";"";"1";"";"1";"1";"";;"";"";;"";"";"";;"";"";"";"";"3";"161,16";;"53,72";;;"";
"Total do Produto";;;"1";"1";"2";"1";"2";"1";"";;"";"";;"";"";"";;"";"";"";"";"8";"397,51";;"49,69";;;
"";;;;;"Total Fornecedor";;;;"2";"2";"13";"2";"2";"1";"";;"";"";;"";"";"";;"";"";"";"";"22";"673,85";;"30,63";;;"";
"FORNECEDOR: 590 - ALPARGATAS HAVAINAS";;;;;;;;;"";;;;;;;;;;;;;;;;;;;;;;;;;;
"295324 - MIZUNO CREATION 14";;;;;;;;"PR";"34";"37";"38";"39";"40";"";"";;"";"";;"";"";"";;"";"";"";"";
"";;"CINZA";;;;;;;"1";"1";"1";"1";"1";"";"";;"";"";;"";"";"";;"";"";"";"";"5";"294,89";;"58,98";;;"";
"";;;;;"Total Fornecedor";;;;"1";"1";"1";"1";"1";"";"";;"";"";;"";"";"";;"";"";"";"";"5";"294,89";;"58,98";;;"";
"FORNECEDOR: 555 - ALPARGATAS MIZUNO ";;;;;;;;;"";;;;;;;;;;;;;;;;;;;;;;;;;;
"293378 - MIZUNO CREATION 13";;;;;;;;"PR";"37";"";"";"";"";"";"";;"";"";;"";"";"";;"";"";"";"";
"";;"PRETO";;;;;;;"1";"";"";"";"";"";"";;"";"";;"";"";"";;"";"";"";"";"1";"272,19";;"272,19";;;"";
"296080 - MIZUNO CREATION 15";;;;;;;;"UN";"33";"37";"";"";"";"";"";;"";"";;"";"";"";;"";"";"";"";"";;;;;;;
"";;"ROSA";;;;;;;"1";"1";"";"";"";"";"";;"";"";;"";"";"";;"";"";"";"";"2";"324,95";;"162,47";;;"";
"295326 - MIZUNO CRUSADER 7/ 8";;;;;;;;"PR";"34";"35";"36";"37";"38";"39";"40";;"41";"42";;"";"";"";;"";"";"";"";"";;;;;;;
"";;"BRANCO";;;;;;;"";"";"";"1";"1";"2";"";;"";"";;"";"";"";;"";"";"";"";"4";"0,00";;"0,00";;;"";
"";;"CINZA";;;;;;;"1";"1";"1";"1";"1";"1";"";;"";"";;"";"";"";;"";"";"";"";"6";"0,00";;"0,00";;;"";
"";;"PRATA";;;;;;;"";"";"";"14";"";"";"1";;"1";"1";;"";"";"";;"";"";"";"";"17";"1.254,08";;"73,77";;;"";
"Total do Produto";;;"1";"1";"1";"16";"2";"3";"1";;"1";"1";;"";"";"";;"";"";"";"";"27";"1.254,08";;"46,45";;;
"293708 - MIZUNO FRONTIER 6";;;;;;;;"PR";"33";"37";"38";"39";"";"";"";;"";"";;"";"";"";;"";"";"";"";"";;;;;;;
"";;"CINZA";;;;;;;"";"1";"1";"1";"";"";"";;"";"";;"";"";"";;"";"";"";"";"3";"0,00";;"0,00";;;"";
"";;"PRATA";;;;;;;"9";"";"2";"1";"";"";"";;"";"";;"";"";"";;"";"";"";"";"12";"1.647,68";;"137,31";;;"";
"Total do Produto";;;"9";"1";"3";"2";"";"";"";;"";"";;"";"";"";;"";"";"";"";"15";"1.647,68";;"109,85";;;
"295080 - MIZUNO LASER";;;;;;;;"PR";"33";"34";"35";"36";"37";"39";"";;"";"";;"";"";"";;"";"";"";"";"";;;;;;;
"";;"PRATA";;;;;;;"5";"1";"1";"1";"1";"1";"";;"";"";;"";"";"";;"";"";"";"";"10";"680,40";;"68,04";;;"";
"292212 - MIZUNO NEXUS";;;;;;;;"PR";"34";"38";"39";"40";"41";"42";"";;"";"";;"";"";"";;"";"";"";"";"";;;;;;;
"";;"PRETO";;;;;;;"6";"1";"1";"2";"1";"1";"";;"";"";;"";"";"";;"";"";"";"";"12";"100,02";;"8,33";;;"";
"292319 - MIZUNO NITRON";;;;;;;;"UN";"43";"";"";"";"";"";"";;"";"";;"";"";"";;"";"";"";"";"";;;;;;;
"";;"BRANCO";;;;;;;"2";"";"";"";"";"";"";;"";"";;"";"";"";;"";"";"";"";"2";"180,00";;"90,00";;;"";
"292735 - MIZUNO OVATION ";;;;;;;;"PR";"33";"34";"35";"36";"37";"38";"";;"";"";;"";"";"";;"";"";"";"";"";;;;;;;
"";;"CINZA";;;;;;;"5";"1";"1";"1";"1";"1";"";;"";"";;"";"";"";;"";"";"";"";"10";"629,80";;"62,98";;;"";
"296150 - MIZUNO RESOLUTE 2";;;;;;;;"UN";"37";"39";"";"";"";"";"";;"";"";;"";"";"";;"";"";"";"";"";;;;;;;
"";;"BRANCO";;;;;;;"1";"";"";"";"";"";"";;"";"";;"";"";"";;"";"";"";"";"1";"114,95";;"114,95";;;"";
"";;"CINZA";;;;;;;"";"1";"";"";"";"";"";;"";"";;"";"";"";;"";"";"";"";"1";"0,00";;"0,00";;;"";
"Total do Produto";;;"1";"1";"";"";"";"";"";;"";"";;"";"";"";;"";"";"";"";"2";"114,95";;"57,48";;;
"TecSoft - Tecnologia em Sistemas";;;;;;;;;;;;;;;;;;;;;;;;;;;;;;;;;;;
"";;"VALENTINI COMERCIO DE CALCADOS EIRELI LTDA";;;;;;"RELATÓRIO DE ESTOQUES POR GRADE";;;;;;;;;;;;;;"DATA:";"27/08/2014";;;
;;"89190-000  TAIO  SC";"";;;"SITUAÇÃO EM 27 DE AGOSTO DE 2014";;;;;;;;;;"PÁG.:";"2";
;;" Filiais: '1'";;;
"REFERÊNCIA/DESCRIÇÃO";;;;"";;;"UNIDADE";;"TAMANHOS";;;"";;;;;;;;;;;;;;;;"TOTALESTOQUE";"VALORFINANCEIRO";"CUSTOMÉDIO";;;;"";
"";;;;;;;"";;;;;;;;;;;;;;;;;;;;;;;;;;;;
"294446 - MIZUNO ULTIMA";;;;;;;;"PR";"36";"37";"38";"39";"";"";"";;"";"";;"";"";"";;"";"";"";"";"";;;;;;;
"";;"CINZA";;;;;;;"1";"1";"1";"1";"";"";"";;"";"";;"";"";"";;"";"";"";"";"4";"189,94";;"47,48";;;"";
"293627 - MIZUNO VITALITY 2";;;;;;;;"UN";"37";"38";"40";"";"";"";"";;"";"";;"";"";"";;"";"";"";"";"";;;;;;;
"";;"AZUL";;;;;;;"";"2";"";"";"";"";"";;"";"";;"";"";"";;"";"";"";"";"2";"0,00";;"0,00";;;"";
"";;"BRANCO";;;;;;;"3";"";"1";"";"";"";"";;"";"";;"";"";"";;"";"";"";"";"4";"309,59";;"77,40";;;"";
"Total do Produto";;;"3";"2";"1";"";"";"";"";;"";"";;"";"";"";;"";"";"";"";"6";"309,59";;"51,60";;;
"291164 - MIZUNO WAVE NIRVANA";;;;;;;;"UN";"33";"36";"";"";"";"";"";;"";"";;"";"";"";;"";"";"";"";"";;;;;;;
"";;"CINZA";;;;;;;"1";"1";"";"";"";"";"";;"";"";;"";"";"";;"";"";"";"";"2";"250,00";;"125,00";;;"";
"";;;;;"Total Fornecedor";;;;"36";"11";"9";"23";"5";"6";"1";;"1";"1";;"";"";"";;"";"";"";"";"93";"5.953,60";;"64,02";;;"";
"FORNECEDOR: 532 - ANDACCO FABRICA DE CALCADOS CACIQUELTDA";;;;;;;;;"";;;;;;;;;;;;;;;;;;;;;;;;;;
"296285 - ANDACCO SAPATILHA MASC";;;;;;;;"UN";"37";"";"";"";"";"";"";;"";"";;"";"";"";;"";"";"";"";
"";;"CAFé";;;;;;;"5";"";"";"";"";"";"";;"";"";;"";"";"";;"";"";"";"";"5";"360,00";;"72,00";;;"";
"";;;;;"Total Fornecedor";;;;"5";"";"";"";"";"";"";;"";"";;"";"";"";;"";"";"";"";"5";"360,00";;"72,00";;;"";
"FORNECEDOR: 938 - ASICS BRASIL DIST COM DE ART ESP LTDA";;;;;;;;;"";;;;;;;;;;;;;;;;;;;;;;;;;;
"296260 - ASICS GEL CONTEND 2 LIGHT";;;;;;;;"PR";"33";"35";"36";"37";"38";"39";"";;"";"";;"";"";"";;"";"";"";"";
"";;"AZUL";;;;;;;"5";"1";"1";"1";"1";"1";"";;"";"";;"";"";"";;"";"";"";"";"10";"499,75";;"49,98";;;"";
"296079 - ASICS GEL PULSE 5";;;;;;;;"PR";"33";"";"";"";"";"";"";;"";"";;"";"";"";;"";"";"";"";"";;;;;;;
"";;"AZUL";;;;;;;"1";"";"";"";"";"";"";;"";"";;"";"";"";;"";"";"";"";"1";"149,95";;"149,95";;;"";
"296151 - OASICS PATRIOT 6";;;;;;;;"UN";"33";"39";"40";"41";"42";"";"";;"";"";;"";"";"";;"";"";"";"";"";;;;;;;
"";;"BRANCO";;;;;;;"4";"1";"1";"1";"1";"";"";;"";"";;"";"";"";;"";"";"";"";"8";"359,80";;"44,98";;;"";
"296096 - OASICS T3A3N.9001-T3A8N.4801";;;;;;;;"PR";"34";"35";"36";"38";"39";"41";"42";;"43";"";;"";"";"";;"";"";"";"";"";;;;;;;
"";;"AZUL";;;;;;;"8";"1";"1";"1";"1";"";"";;"";"";;"";"";"";;"";"";"";"";"12";"999,60";;"83,30";;;"";
"";;"PRETO";;;;;;;"";"";"";"1";"";"1";"1";;"1";"";;"";"";"";;"";"";"";"";"4";"0,00";;"0,00";;;"";
"Total do Produto";;;"8";"1";"1";"2";"1";"1";"1";;"1";"";;"";"";"";;"";"";"";"";"16";"999,60";;"62,48";;;
"";;;;;"Total Fornecedor";;;;"18";"3";"3";"4";"3";"2";"1";;"1";"";;"";"";"";;"";"";"";"";"35";"2.009,10";;"57,40";;;"";
"FORNECEDOR: 947 - BOXION";;;;;;;;;"";;;;;;;;;;;;;;;;;;;;;;;;;;
"296252 - BOXION SAPATENIS";;;;;;;;"UN";"36";"42";"43";"44";"";"";"";;"";"";;"";"";"";;"";"";"";"";
"";;"CAFé";;;;;;;"1";"1";"1";"1";"";"";"";;"";"";;"";"";"";;"";"";"";"";"4";"103,56";;"25,89";;;"";
"";;"CINZA";;;;;;;"1";"2";"2";"2";"";"";"";;"";"";;"";"";"";;"";"";"";"";"7";"172,25";;"24,61";;;"";
"Total do Produto";;;"2";"3";"3";"3";"";"";"";;"";"";;"";"";"";;"";"";"";"";"11";"275,81";;"25,07";;;
"";;;;;"Total Fornecedor";;;;"2";"3";"3";"3";"";"";"";;"";"";;"";"";"";;"";"";"";"";"11";"275,81";;"25,07";;;"";
"FORNECEDOR: 448 - CALCADOS PERENTE LTDA";;;;;;;;;"";;;;;;;;;;;;;;;;;;;;;;;;;;
"296148 - DI PERENTTI SAP 193/ 195/ 6001";;;;;;;;"UN";"38";"";"";"";"";"";"";;"";"";;"";"";"";;"";"";"";"";
"";;"CONHAQUE";;;;;;;"3";"";"";"";"";"";"";;"";"";;"";"";"";;"";"";"";"";"3";"179,76";;"59,92";;;"";
"";;;;;"Total Fornecedor";;;;"3";"";"";"";"";"";"";;"";"";;"";"";"";;"";"";"";"";"3";"179,76";;"59,92";;;"";
"FORNECEDOR: 627 - CALPRADO - KADER";;;;;;;;;"";;;;;;;;;;;;;;;;;;;;;;;;;;
"294780 - CALPRADO BOTA 2013";;;;;;;;"PR";"37";"38";"40";"";"";"";"";;"";"";;"";"";"";;"";"";"";"";
"TecSoft - Tecnologia em Sistemas";;;;;;;;;;;;;;;;;;;;;;;;;;;;;;;;;;;
"";;"VALENTINI COMERCIO DE CALCADOS EIRELI LTDA";;;;;;"RELATÓRIO DE ESTOQUES POR GRADE";;;;;;;;;;;;;;"DATA:";"27/08/2014";;;
;;"89190-000  TAIO  SC";"";;;"SITUAÇÃO EM 27 DE AGOSTO DE 2014";;;;;;;;;;"PÁG.:";"3";
;;" Filiais: '1'";;;
"REFERÊNCIA/DESCRIÇÃO";;;;"";;;"UNIDADE";;"TAMANHOS";;;"";;;;;;;;;;;;;;;;"TOTALESTOQUE";"VALORFINANCEIRO";"CUSTOMÉDIO";;;;"";
"";;;;;;;"";;;;;;;;;;;;;;;;;;;;;;;;;;;;
"";;"PRETO";;;;;;;"1";"1";"1";"";"";"";"";;"";"";;"";"";"";;"";"";"";"";"3";"151,55";;"50,52";;;"";
"294524 - CALPRADO KA 3010 3020";;;;;;;;"PR";"40";"41";"43";"44";"";"";"";;"";"";;"";"";"";;"";"";"";"";"";;;;;;;
"";;"CONHAQUE";;;;;;;"1";"";"1";"1";"";"";"";;"";"";;"";"";"";;"";"";"";"";"3";"132,72";;"44,24";;;"";
"";;"PRETO";;;;;;;"1";"1";"";"1";"";"";"";;"";"";;"";"";"";;"";"";"";"";"3";"221,20";;"73,73";;;"";
"Total do Produto";;;"2";"1";"1";"2";"";"";"";;"";"";;"";"";"";;"";"";"";"";"6";"353,92";;"58,99";;;
"294779 - CALPRADO SAPATILHA 2013";;;;;;;;"PR";"37";"";"";"";"";"";"";;"";"";;"";"";"";;"";"";"";"";"";;;;;;;
"";;"MARRON";;;;;;;"1";"";"";"";"";"";"";;"";"";;"";"";"";;"";"";"";"";"1";"39,20";;"39,20";;;"";
"292567 - CALPRADO SAPATILHA S 2014";;;;;;;;"PR";"37";"38";"39";"40";"41";"43";"";;"";"";;"";"";"";;"";"";"";"";"";;;;;;;
"";;"AREIA";;;;;;;"";"";"1";"1";"1";"";"";;"";"";;"";"";"";;"";"";"";"";"3";"126,90";;"42,30";;;"";
"";;"CAFé";;;;;;;"1";"1";"";"1";"";"";"";;"";"";;"";"";"";;"";"";"";"";"3";"126,95";;"42,32";;;"";
"";;"PRETO";;;;;;;"";"1";"1";"";"1";"1";"";;"";"";;"";"";"";;"";"";"";"";"4";"169,20";;"42,30";;;"";
"Total do Produto";;;"1";"2";"2";"2";"2";"1";"";;"";"";;"";"";"";;"";"";"";"";"10";"423,05";;"42,31";;;
"294781 - CALPRADO SAPATO 2013";;;;;;;;"PR";"38";"40";"";"";"";"";"";;"";"";;"";"";"";;"";"";"";"";"";;;;;;;
"";;"PRETO";;;;;;;"1";"1";"";"";"";"";"";;"";"";;"";"";"";;"";"";"";"";"2";"117,80";;"58,90";;;"";
"293772 - CALPRADO SAPATO 3000-14 546";;;;;;;;"PR";"45";"46";"47";"";"";"";"";;"";"";;"";"";"";;"";"";"";"";"";;;;;;;
"";;"CAFé";;;;;;;"1";"2";"1";"";"";"";"";;"";"";;"";"";"";;"";"";"";"";"4";"165,68";;"41,42";;;"";
"";;"PRETO";;;;;;;"1";"1";"";"";"";"";"";;"";"";;"";"";"";;"";"";"";"";"2";"124,26";;"62,13";;;"";
"Total do Produto";;;"2";"3";"1";"";"";"";"";;"";"";;"";"";"";;"";"";"";"";"6";"289,94";;"48,32";;;
"";;;;;"Total Fornecedor";;;;"8";"8";"5";"4";"2";"1";"";;"";"";;"";"";"";;"";"";"";"";"28";"1.375,46";;"49,12";;;"";
"FORNECEDOR: 432 - CALVEST";;;;;;;;;"";;;;;;;;;;;;;;;;;;;;;;;;;;
"294777 - CALVEST 1420B175";;;;;;;;"PR";"40";"";"";"";"";"";"";;"";"";;"";"";"";;"";"";"";"";
"";;"PRETO";;;;;;;"1";"";"";"";"";"";"";;"";"";;"";"";"";;"";"";"";"";"1";"90,92";;"90,92";;;"";
"";;;;;"Total Fornecedor";;;;"1";"";"";"";"";"";"";;"";"";;"";"";"";;"";"";"";"";"1";"90,92";;"90,92";;;"";
"FORNECEDOR: 967 - CRISTAIS CRISTAIS IND E COM DE CALC ELIR";;;;;;;;;"";;;;;;;;;;;;;;;;;;;;;;;;;;
"296592 - CRISTAIS RASTEIRA";;;;;;;;"PR";"34";"35";"36";"37";"38";"39";"";;"";"";;"";"";"";;"";"";"";"";
"";;"ESTAMPADO";;;;;;;"2";"6";"10";"9";"9";"4";"";;"";"";;"";"";"";;"";"";"";"";"40";"519,20";;"12,98";;;"";
"";;"VERDE";;;;;;;"";"1";"1";"2";"1";"1";"";;"";"";;"";"";"";;"";"";"";"";"6";"77,88";;"12,98";;;"";
"";;"VERMELHO";;;;;;;"";"2";"2";"1";"1";"";"";;"";"";;"";"";"";;"";"";"";"";"6";"77,88";;"12,98";;;"";
"Total do Produto";;;"2";"9";"13";"12";"11";"5";"";;"";"";;"";"";"";;"";"";"";"";"52";"674,96";;"12,98";;;
"";;;;;"Total Fornecedor";;;;"2";"9";"13";"12";"11";"5";"";;"";"";;"";"";"";;"";"";"";"";"52";"674,96";;"12,98";;;"";
"FORNECEDOR: 6 - DAKOTA NORDESTE S/A";;;;;;;;;"";;;;;;;;;;;;;;;;;;;;;;;;;;
"296370 - KOLOSH ARES C0144";;;;;;;;"UN";"36";"37";"";"";"";"";"";;"";"";;"";"";"";;"";"";"";"";
"";;"AZUL";;;;;;;"2";"1";"";"";"";"";"";;"";"";;"";"";"";;"";"";"";"";"3";"426,30";;"142,10";;;"";
"296185 - KOLOSH BERINGELA C0112";;;;;;;;"UN";"36";"37";"";"";"";"";"";;"";"";;"";"";"";;"";"";"";"";"";;;;;;;
"";;"BORDO";;;;;;;"2";"1";"";"";"";"";"";;"";"";;"";"";"";;"";"";"";"";"3";"262,68";;"87,56";;;"";
"296507 - KOLOSH C0364";;;;;;;;"UN";"34";"35";"36";"37";"38";"";"";;"";"";;"";"";"";;"";"";"";"";"";;;;;;;
"";;"BRANCO";;;;;;;"1";"2";"1";"2";"";"";"";;"";"";;"";"";"";;"";"";"";"";"6";"321,10";;"53,52";;;"";
"";;"MACCIATO";;;;;;;"";"2";"3";"1";"1";"";"";;"";"";;"";"";"";;"";"";"";"";"7";"256,88";;"36,70";;;"";

"TecSoft - Tecnologia em Sistemas";;;;;;;;;;;;;;;;;;;;;;;;;;;;;;;;;;;
"";;"VALENTINI COMERCIO DE CALCADOS EIRELI LTDA";;;;;;"RELATÓRIO DE ESTOQUES POR GRADE";;;;;;;;;;;;;;"DATA:";"27/08/2014";;;
;;"89190-000  TAIO  SC";"";;;"SITUAÇÃO EM 27 DE AGOSTO DE 2014";;;;;;;;;;"PÁG.:";"4";
;;" Filiais: '1'";;;
"REFERÊNCIA/DESCRIÇÃO";;;;"";;;"UNIDADE";;"TAMANHOS";;;"";;;;;;;;;;;;;;;;"TOTALESTOQUE";"VALORFINANCEIRO";"CUSTOMÉDIO";;;;"";
"";;;;;;;"";;;;;;;;;;;;;;;;;;;;;;;;;;;;
"Total do Produto";;;"1";"4";"4";"3";"1";"";"";;"";"";;"";"";"";;"";"";"";"";"13";"577,98";;"44,46";;;
"296237 - KOLOSH C0402";;;;;;;;"PR";"36";"";"";"";"";"";"";;"";"";;"";"";"";;"";"";"";"";"";;;;;;;
"";;"BEGE";;;;;;;"1";"";"";"";"";"";"";;"";"";;"";"";"";;"";"";"";"";"1";"65,56";;"65,56";;;"";
"296525 - KOLOSH C0501";;;;;;;;"PR";"36";"38";"";"";"";"";"";;"";"";;"";"";"";;"";"";"";"";"";;;;;;;
"";;"PRETO";;;;;;;"2";"1";"";"";"";"";"";;"";"";;"";"";"";;"";"";"";"";"3";"64,21";;"21,40";;;"";
"296527 - KOLOSH C0504 BEGE";;;;;;;;"PR";"34";"35";"36";"37";"";"";"";;"";"";;"";"";"";;"";"";"";"";"";;;;;;;
"";;"VANILLA";;;;;;;"1";"2";"2";"3";"";"";"";;"";"";;"";"";"";;"";"";"";"";"8";"477,20";;"59,65";;;"";
"296580 - KOLOSH CO 601";;;;;;;;"PAR";"35";"36";"37";"38";"";"";"";;"";"";;"";"";"";;"";"";"";"";"";;;;;;;
"";;"PRETO";;;;;;;"1";"1";"1";"1";"";"";"";;"";"";;"";"";"";;"";"";"";"";"4";"256,84";;"64,21";;;"";
"296581 - KOLOSH CO 602";;;;;;;;"PAR";"34";"35";"36";"37";"38";"39";"";;"";"";;"";"";"";;"";"";"";"";"";;;;;;;
"";;"XADRES/CRU";;;;;;;"1";"1";"1";"1";"1";"1";"";;"";"";;"";"";"";;"";"";"";"";"6";"302,64";;"50,44";;;"";
"296582 - KOLOSH CO 603";;;;;;;;"PAR";"35";"36";"37";"38";"";"";"";;"";"";;"";"";"";;"";"";"";"";"";;;;;;;
"";;"FLAME";;;;;;;"1";"1";"2";"1";"";"";"";;"";"";;"";"";"";;"";"";"";"";"5";"298,05";;"59,61";;;"";
"294219 - KOLOSH FLY/ SWEET";;;;;;;;"PR";"33";"35";"36";"";"";"";"";;"";"";;"";"";"";;"";"";"";"";"";;;;;;;
"";;"AZUL";;;;;;;"2";"2";"1";"";"";"";"";;"";"";;"";"";"";;"";"";"";"";"5";"82,38";;"16,48";;;"";
"293351 - KOLOSH K7432";;;;;;;;"PR";"35";"";"";"";"";"";"";;"";"";;"";"";"";;"";"";"";"";"";;;;;;;
"";;"BRANCO";;;;;;;"1";"";"";"";"";"";"";;"";"";;"";"";"";;"";"";"";"";"1";"45,82";;"45,82";;;"";
"296291 - KOLOSH K8121/ K9834";;;;;;;;"UN";"33";"36";"38";"";"";"";"";;"";"";;"";"";"";;"";"";"";"";"";;;;;;;
"";;"GRAFITE";;;;;;;"1";"6";"1";"";"";"";"";;"";"";;"";"";"";;"";"";"";"";"8";"546,06";;"68,26";;;"";
"296373 - KOLOSH LIVORNO C0225";;;;;;;;"UN";"33";"36";"37";"";"";"";"";;"";"";;"";"";"";;"";"";"";"";"";;;;;;;
"";;"PESSEGO";;;;;;;"3";"1";"2";"";"";"";"";;"";"";;"";"";"";;"";"";"";"";"6";"562,10";;"93,68";;;"";
"296184 - KOLOSH LIVORNO/ ARES C0301";;;;;;;;"UN";"33";"34";"35";"36";"37";"38";"39";;"";"";;"";"";"";;"";"";"";"";"";;;;;;;
"";;"BEGE";;;;;;;"";"";"";"1";"2";"";"";;"";"";;"";"";"";;"";"";"";"";"3";"0,00";;"0,00";;;"";
"";;"PRETO";;;;;;;"8";"2";"1";"1";"1";"1";"1";;"";"";;"";"";"";;"";"";"";"";"15";"599,44";;"39,96";;;"";
"Total do Produto";;;"8";"2";"1";"2";"3";"1";"1";;"";"";;"";"";"";;"";"";"";"";"18";"599,44";;"33,30";;;
"293724 - KOLOSH LIVORNO/ RIGA";;;;;;;;"PR";"33";"";"";"";"";"";"";;"";"";;"";"";"";;"";"";"";"";"";;;;;;;
"";;"PRETO";;;;;;;"2";"";"";"";"";"";"";;"";"";;"";"";"";;"";"";"";"";"2";"125,58";;"62,79";;;"";
"296129 - KOLOSH TENIS FLOAT";;;;;;;;"UN";"36";"39";"";"";"";"";"";;"";"";;"";"";"";;"";"";"";"";"";;;;;;;
"";;"PRETO";;;;;;;"1";"1";"";"";"";"";"";;"";"";;"";"";"";;"";"";"";"";"2";"168,76";;"84,38";;;"";
"296128 - KOLOSH TENIS FLOWING";;;;;;;;"UN";"33";"35";"36";"37";"38";"39";"";;"";"";;"";"";"";;"";"";"";"";"";;;;;;;
"";;"AZUL";;;;;;;"";"1";"1";"1";"1";"1";"";;"";"";;"";"";"";;"";"";"";"";"5";"0,00";;"0,00";;;"";
"";;"PRETO";;;;;;;"7";"";"";"";"";"";"";;"";"";;"";"";"";;"";"";"";"";"7";"393,26";;"56,18";;;"";
"Total do Produto";;;"7";"1";"1";"1";"1";"1";"";;"";"";;"";"";"";;"";"";"";"";"12";"393,26";;"32,77";;;
"";;;;;"Total Fornecedor";;;;"37";"25";"16";"12";"6";"3";"1";;"";"";;"";"";"";;"";"";"";"";"100";"5.254,86";;"52,55";;;"";
"FORNECEDOR: 633 - DAKOTA NORDESTE S/A";;;;;;;;;"";;;;;;;;;;;;;;;;;;;;;;;;;;
"296528 - DAKOTA B4639";;;;;;;;"PR";"35";"36";"37";"38";"";"";"";;"";"";;"";"";"";;"";"";"";"";
"";;"AMARELO";;;;;;;"1";"1";"1";"1";"";"";"";;"";"";;"";"";"";;"";"";"";"";"4";"251,44";;"62,86";;;"";
"";;"NATURAL";;;;;;;"1";"";"1";"1";"";"";"";;"";"";;"";"";"";;"";"";"";"";"3";"188,58";;"62,86";;;"";
"Total do Produto";;;"2";"1";"2";"2";"";"";"";;"";"";;"";"";"";;"";"";"";"";"7";"440,02";;"62,86";;;
"TecSoft - Tecnologia em Sistemas";;;;;;;;;;;;;;;;;;;;;;;;;;;;;;;;;;;
"";;"VALENTINI COMERCIO DE CALCADOS EIRELI LTDA";;;;;;"RELATÓRIO DE ESTOQUES POR GRADE";;;;;;;;;;;;;;"DATA:";"27/08/2014";;;
;;"89190-000  TAIO  SC";"";;;"SITUAÇÃO EM 27 DE AGOSTO DE 2014";;;;;;;;;;"PÁG.:";"5";
;;" Filiais: '1'";;;
"REFERÊNCIA/DESCRIÇÃO";;;;"";;;"UNIDADE";;"TAMANHOS";;;"";;;;;;;;;;;;;;;;"TOTALESTOQUE";"VALORFINANCEIRO";"CUSTOMÉDIO";;;;"";
"";;;;;;;"";;;;;;;;;;;;;;;;;;;;;;;;;;;;
"";;;;;"Total Fornecedor";;;;"2";"1";"2";"2";"";"";"";;"";"";;"";"";"";;"";"";"";"";"7";"440,02";;"62,86";;;"";
"FORNECEDOR: 666 - DAKOTA NORDESTE SA - PINK CATS";;;;;;;;;"";;;;;;;;;;;;;;;;;;;;;;;;;;
"294798 - KOLOSH K9311";;;;;;;;"PR";"37";"";"";"";"";"";"";;"";"";;"";"";"";;"";"";"";"";
"";;"CINZA";;;;;;;"1";"";"";"";"";"";"";;"";"";;"";"";"";;"";"";"";"";"1";"80,84";;"80,84";;;"";
"";;;;;"Total Fornecedor";;;;"1";"";"";"";"";"";"";;"";"";;"";"";"";;"";"";"";"";"1";"80,84";;"80,84";;;"";
"FORNECEDOR: 946 - DIADORA - DILLY";;;;;;;;;"";;;;;;;;;;;;;;;;;;;;;;;;;;
"296446 - DIADORA STRIKE C0338";;;;;;;;"UN";"33";"34";"35";"36";"37";"38";"";;"";"";;"";"";"";;"";"";"";"";
"";;"ROSA";;;;;;;"6";"1";"1";"1";"1";"1";"";;"";"";;"";"";"";;"";"";"";"";"11";"479,70";;"43,61";;;"";
"296445 - DIARORA WINNER C0447";;;;;;;;"UN";"33";"35";"36";"37";"38";"39";"";;"";"";;"";"";"";;"";"";"";"";"";;;;;;;
"";;"CINZA";;;;;;;"6";"1";"1";"2";"1";"1";"";;"";"";;"";"";"";;"";"";"";"";"12";"569,70";;"47,48";;;"";
"";;;;;"Total Fornecedor";;;;"12";"2";"2";"3";"2";"2";"";;"";"";;"";"";"";;"";"";"";"";"23";"1.049,40";;"45,63";;;"";
"FORNECEDOR: 903 - FERMA CALÇADOS";;;;;;;;;"";;;;;;;;;;;;;;;;;;;;;;;;;;
"295355 - FERMA  A2021";;;;;;;;"PR";"40";"";"";"";"";"";"";;"";"";;"";"";"";;"";"";"";"";
"";;"GRAFITE";;;;;;;"1";"";"";"";"";"";"";;"";"";;"";"";"";;"";"";"";"";"1";"23,26";;"23,26";;;"";
"";;;;;"Total Fornecedor";;;;"1";"";"";"";"";"";"";;"";"";;"";"";"";;"";"";"";"";"1";"23,26";;"23,26";;;"";
"FORNECEDOR: 93 - FERRACINI";;;;;;;;;"";;;;;;;;;;;;;;;;;;;;;;;;;;
"296508 - FERRACINI 2003";;;;;;;;"PR";"37";"39";"40";"41";"42";"43";"44";;"";"";;"";"";"";;"";"";"";"";
"";;"CAFé";;;;;;;"6";"1";"1";"1";"1";"1";"1";;"";"";;"";"";"";;"";"";"";"";"12";"1.398,60";;"116,55";;;"";
"296540 - FERRACINI 265/FC463/FC421/";;;;;;;;"PC";"105";"110";"115";"120";"135";"";"";;"";"";;"";"";"";;"";"";"";"";"";;;;;;;
"";;"CAFé";;;;;;;"";"";"";"1";"";"";"";;"";"";;"";"";"";;"";"";"";"";"1";"28,42";;"28,42";;;"";
"";;"PRETO";;;;;;;"1";"1";"1";"1";"1";"";"";;"";"";;"";"";"";;"";"";"";"";"5";"142,15";;"28,43";;;"";
"Total do Produto";;;"1";"1";"1";"2";"1";"";"";;"";"";;"";"";"";;"";"";"";"";"6";"170,57";;"28,43";;;
"293654 - FERRACINI 4105";;;;;;;;"PR";"37";"";"";"";"";"";"";;"";"";;"";"";"";;"";"";"";"";"";;;;;;;
"";;"PRETO";;;;;;;"1";"";"";"";"";"";"";;"";"";;"";"";"";;"";"";"";"";"1";"78,33";;"78,33";;;"";
"294690 - FERRACINI 4111";;;;;;;;"PR";"41";"";"";"";"";"";"";;"";"";;"";"";"";;"";"";"";"";"";;;;;;;
"";;"MARRON";;;;;;;"1";"";"";"";"";"";"";;"";"";;"";"";"";;"";"";"";"";"1";"84,41";;"84,41";;;"";
"294731 - FERRACINI 4652";;;;;;;;"PR";"39";"42";"";"";"";"";"";;"";"";;"";"";"";;"";"";"";"";"";;;;;;;
"";;"GELO";;;;;;;"1";"1";"";"";"";"";"";;"";"";;"";"";"";;"";"";"";"";"2";"391,00";;"195,50";;;"";
"296516 - FERRACINI 51651-1214";;;;;;;;"PR";"37";"38";"41";"42";"44";"";"";;"";"";;"";"";"";;"";"";"";"";"";;;;;;;
"";;"BRANCO";;;;;;;"1";"1";"1";"2";"1";"";"";;"";"";;"";"";"";;"";"";"";"";"6";"952,17";;"158,69";;;"";
"294688 - FERRACINI 5167";;;;;;;;"PR";"37";"43";"";"";"";"";"";;"";"";;"";"";"";;"";"";"";"";"";;;;;;;
"";;"PRETO";;;;;;;"1";"1";"";"";"";"";"";;"";"";;"";"";"";;"";"";"";"";"2";"177,68";;"88,84";;;"";
"296529 - FERRACINI 6235 248G";;;;;;;;"PR";"38";"39";"40";"41";"42";"";"";;"";"";;"";"";"";;"";"";"";"";"";;;;;;;
"";;"PRETO";;;;;;;"1";"1";"2";"2";"1";"";"";;"";"";;"";"";"";;"";"";"";"";"7";"629,30";;"89,90";;;"";
"296344 - FERRACINI M2 6239/ 6237";;;;;;;;"UN";"38";"39";"40";"41";"42";"43";"44";;"";"";;"";"";"";;"";"";"";"";"";;;;;;;
"";;"PRETO";;;;;;;"1";"2";"2";"3";"1";"1";"1";;"";"";;"";"";"";;"";"";"";"";"11";"1.438,40";;"130,76";;;"";
"296178 - FERRACINI SAPATENIS ELITE 1634";;;;;;;;"UN";"37";"38";"40";"41";"42";"43";"";;"";"";;"";"";"";;"";"";"";"";"";;;;;;;
"TecSoft - Tecnologia em Sistemas";;;;;;;;;;;;;;;;;;;;;;;;;;;;;;;;;;;
"";;"VALENTINI COMERCIO DE CALCADOS EIRELI LTDA";;;;;;"RELATÓRIO DE ESTOQUES POR GRADE";;;;;;;;;;;;;;"DATA:";"27/08/2014";;;
;;"89190-000  TAIO  SC";"";;;"SITUAÇÃO EM 27 DE AGOSTO DE 2014";;;;;;;;;;"PÁG.:";"6";
;;" Filiais: '1'";;;
"REFERÊNCIA/DESCRIÇÃO";;;;"";;;"UNIDADE";;"TAMANHOS";;;"";;;;;;;;;;;;;;;;"TOTALESTOQUE";"VALORFINANCEIRO";"CUSTOMÉDIO";;;;"";
"";;;;;;;"";;;;;;;;;;;;;;;;;;;;;;;;;;;;
"";;"AZUL";;;;;;;"1";"1";"1";"2";"2";"1";"";;"";"";;"";"";"";;"";"";"";"";"8";"899,10";;"112,39";;;"";
"295316 - FERRACINI SAPATO 4112-220R";;;;;;;;"UN";"43";"";"";"";"";"";"";;"";"";;"";"";"";;"";"";"";"";"";;;;;;;
"";;"PRETO";;;;;;;"1";"";"";"";"";"";"";;"";"";;"";"";"";;"";"";"";"";"1";"195,50";;"195,50";;;"";
"295315 - FERRACINI SAPATO 5561-12251";;;;;;;;"UN";"37";"38";"39";"";"";"";"";;"";"";;"";"";"";;"";"";"";"";"";;;;;;;
"";;"MARRON";;;;;;;"1";"1";"1";"";"";"";"";;"";"";;"";"";"";;"";"";"";"";"3";"498,65";;"166,22";;;"";
"";;;;;"Total Fornecedor";;;;"17";"10";"9";"12";"7";"3";"2";;"";"";;"";"";"";;"";"";"";"";"60";"6.913,71";;"115,23";;;"";
"FORNECEDOR: 739 - FERRATTI JOAO BATISTA BENFICA";;;;;;;;;"";;;;;;;;;;;;;;;;;;;;;;;;;;
"296594 - FERRATI SAPATENIS 20300";;;;;;;;"UN";"PRETO";"";"";"";"";"";"";;"";"";;"";"";"";;"";"";"";"";
"";;"39";;;;;;;"2";"";"";"";"";"";"";;"";"";;"";"";"";;"";"";"";"";"2";"45,80";;"22,90";;;"";
"";;"40";;;;;;;"1";"";"";"";"";"";"";;"";"";;"";"";"";;"";"";"";"";"1";"22,90";;"22,90";;;"";
"";;"41";;;;;;;"1";"";"";"";"";"";"";;"";"";;"";"";"";;"";"";"";"";"1";"22,90";;"22,90";;;"";
"";;"42";;;;;;;"1";"";"";"";"";"";"";;"";"";;"";"";"";;"";"";"";"";"1";"22,90";;"22,90";;;"";
"";;"43";;;;;;;"1";"";"";"";"";"";"";;"";"";;"";"";"";;"";"";"";"";"1";"22,90";;"22,90";;;"";
"";;"44";;;;;;;"1";"";"";"";"";"";"";;"";"";;"";"";"";;"";"";"";"";"1";"22,90";;"22,90";;;"";
"Total do Produto";;;"7";"";"";"";"";"";"";;"";"";;"";"";"";;"";"";"";"";"7";"160,30";;"22,90";;;
"296595 - FERRATI SAPATENIS 21200";;;;;;;;"UN";"AZUL";"MARRON";"";"";"";"";"";;"";"";;"";"";"";;"";"";"";"";"";;;;;;;
"";;"39";;;;;;;"2";"2";"";"";"";"";"";;"";"";;"";"";"";;"";"";"";"";"4";"95,60";;"23,90";;;"";
"";;"40";;;;;;;"2";"1";"";"";"";"";"";;"";"";;"";"";"";;"";"";"";"";"3";"71,70";;"23,90";;;"";
"";;"41";;;;;;;"1";"1";"";"";"";"";"";;"";"";;"";"";"";;"";"";"";"";"2";"47,80";;"23,90";;;"";
"";;"42";;;;;;;"";"1";"";"";"";"";"";;"";"";;"";"";"";;"";"";"";"";"1";"23,90";;"23,90";;;"";
"";;"43";;;;;;;"1";"1";"";"";"";"";"";;"";"";;"";"";"";;"";"";"";"";"2";"47,80";;"23,90";;;"";
"";;"44";;;;;;;"";"1";"";"";"";"";"";;"";"";;"";"";"";;"";"";"";"";"1";"23,90";;"23,90";;;"";
"Total do Produto";;;"6";"7";"";"";"";"";"";;"";"";;"";"";"";;"";"";"";"";"13";"310,70";;"23,90";;;
"293184 - FERRATI SAPATENIS ADULTO";;;;;;;;"PR";"37";"38";"39";"43";"44";"";"";;"";"";;"";"";"";;"";"";"";"";"";;;;;;;
"";;"CINZA";;;;;;;"";"2";"";"";"1";"";"";;"";"";;"";"";"";;"";"";"";"";"3";"113,04";;"37,68";;;"";
"";;"MARRON";;;;;;;"2";"7";"1";"1";"1";"";"";;"";"";;"";"";"";;"";"";"";"";"12";"499,54";;"41,63";;;"";
"";;"PRETO";;;;;;;"2";"1";"";"2";"";"";"";;"";"";;"";"";"";;"";"";"";"";"5";"226,08";;"45,22";;;"";
"Total do Produto";;;"4";"10";"1";"3";"2";"";"";;"";"";;"";"";"";;"";"";"";"";"20";"838,66";;"41,93";;;
"295339 - FERRATI SAPATENIS KIT";;;;;;;;"PR";"37";"38";"39";"42";"43";"44";"";;"";"";;"";"";"";;"";"";"";"";"";;;;;;;
"";;"MARRON";;;;;;;"1";"1";"1";"1";"1";"1";"";;"";"";;"";"";"";;"";"";"";"";"6";"418,41";;"69,73";;;"";
"296597 - FERRATI SAPATILHA 22200";;;;;;;;"UN";"PRETO";"";"";"";"";"";"";;"";"";;"";"";"";;"";"";"";"";"";;;;;;;
"";;"39";;;;;;;"2";"";"";"";"";"";"";;"";"";;"";"";"";;"";"";"";"";"2";"39,80";;"19,90";;;"";
"";;"40";;;;;;;"2";"";"";"";"";"";"";;"";"";;"";"";"";;"";"";"";"";"2";"39,80";;"19,90";;;"";
"";;"41";;;;;;;"1";"";"";"";"";"";"";;"";"";;"";"";"";;"";"";"";"";"1";"19,90";;"19,90";;;"";
"";;"42";;;;;;;"1";"";"";"";"";"";"";;"";"";;"";"";"";;"";"";"";"";"1";"19,90";;"19,90";;;"";
"";;"43";;;;;;;"1";"";"";"";"";"";"";;"";"";;"";"";"";;"";"";"";"";"1";"19,90";;"19,90";;;"";
"Total do Produto";;;"7";"";"";"";"";"";"";;"";"";;"";"";"";;"";"";"";"";"7";"139,30";;"19,90";;;
"";;;;;;;;;;;;;;;;;;;;;;;;;;;;;;;;;;;

"TecSoft - Tecnologia em Sistemas";;;;;;;;;;;;;;;;;;;;;;;;;;;;;;;;;;;
"";;"VALENTINI COMERCIO DE CALCADOS EIRELI LTDA";;;;;;"RELATÓRIO DE ESTOQUES POR GRADE";;;;;;;;;;;;;;"DATA:";"27/08/2014";;;
;;"89190-000  TAIO  SC";"";;;"SITUAÇÃO EM 27 DE AGOSTO DE 2014";;;;;;;;;;"PÁG.:";"7";
;;" Filiais: '1'";;;
"REFERÊNCIA/DESCRIÇÃO";;;;"";;;"UNIDADE";;"TAMANHOS";;;"";;;;;;;;;;;;;;;;"TOTALESTOQUE";"VALORFINANCEIRO";"CUSTOMÉDIO";;;;"";
"";;;;;;;"";;;;;;;;;;;;;;;;;;;;;;;;;;;;
"Total Fornecedor";;;;"25";"18";"2";"4";"3";"1";"";;"";"";;"";"";"";;"";"";"";"";"53";"1.867,37";;"35,23";;;
"FORNECEDOR: 798 - FINOBEL TRIKZ";;;;;;;;;"";;;;;;;;;;;;;;;;;;;;;;;;;;
"295829 - FINOBEL SAPATENIS INFANTIL";;;;;;;;"UN";"33";"";"";"";"";"";"";;"";"";;"";"";"";;"";"";"";"";
"";;"PRETO";;;;;;;"29";"";"";"";"";"";"";;"";"";;"";"";"";;"";"";"";"";"29";"1.038,20";;"35,80";;;"";
"";;;;;"Total Fornecedor";;;;"29";"";"";"";"";"";"";;"";"";;"";"";"";;"";"";"";"";"29";"1.038,20";;"35,80";;;"";
"FORNECEDOR: 174 - FREE WAY ARTEFATOS DE COURO LTDA";;;;;;;;;"";;;;;;;;;;;;;;;;;;;;;;;;;;
"10101 - FREE WAY SUN 3/ BELT";;;;;;;;"UN";"37";"";"";"";"";"";"";;"";"";;"";"";"";;"";"";"";"";
"";;"PRETO";;;;;;;"3";"";"";"";"";"";"";;"";"";;"";"";"";;"";"";"";"";"3";"123,89";;"41,30";;;"";
"";;;;;"Total Fornecedor";;;;"3";"";"";"";"";"";"";;"";"";;"";"";"";;"";"";"";"";"3";"123,89";;"41,30";;;"";
"FORNECEDOR: 386 - GEX";;;;;;;;;"";;;;;;;;;;;;;;;;;;;;;;;;;;
"291892 - OLYMPIKUS PRONA/ NEUTRO";;;;;;;;"PR";"33";"36";"38";"";"";"";"";;"";"";;"";"";"";;"";"";"";"";
"";;"PRATA";;;;;;;"2";"1";"1";"";"";"";"";;"";"";;"";"";"";;"";"";"";"";"4";"231,90";;"57,98";;;"";
"";;;;;"Total Fornecedor";;;;"2";"1";"1";"";"";"";"";;"";"";;"";"";"";;"";"";"";"";"4";"231,90";;"57,98";;;"";
"FORNECEDOR: 26 - GRENDENE S/A";;;;;;;;;"";;;;;;;;;;;;;;;;;;;;;;;;;;
"295460 - CARTAGO CHINELO RIMANI 10822";;;;;;;;"UN";"37";"";"";"";"";"";"";;"";"";;"";"";"";;"";"";"";"";
"";;"MARRON";;;;;;;"2";"";"";"";"";"";"";;"";"";;"";"";"";;"";"";"";"";"2";"52,21";;"26,11";;;"";
"";;;;;"Total Fornecedor";;;;"2";"";"";"";"";"";"";;"";"";;"";"";"";;"";"";"";"";"2";"52,21";;"26,11";;;"";
"FORNECEDOR: 595 - HRX - SKIN CALCADOS";;;;;;;;;"";;;;;;;;;;;;;;;;;;;;;;;;;;
"295848 - WALL STREET SAPATENIS";;;;;;;;"UN";"41";"";"";"";"";"";"";;"";"";;"";"";"";;"";"";"";"";
"";;"BRANCO";;;;;;;"1";"";"";"";"";"";"";;"";"";;"";"";"";;"";"";"";"";"1";"0,00";;"0,00";;;"";
"";;;;;"Total Fornecedor";;;;"1";"";"";"";"";"";"";;"";"";;"";"";"";;"";"";"";"";"1";"0,00";;"0,00";;;"";
"FORNECEDOR: 391 - JOTA PE - ALVES & CASTRO LTDA";;;;;;;;;"";;;;;;;;;;;;;;;;;;;;;;;;;;
"294974 - JOTA PE SAP 12673/ 4/ 10038/ 13024";;;;;;;;"PR";"38";"41";"42";"44";"";"";"";;"";"";;"";"";"";;"";"";"";"";
"";;"CAFé";;;;;;;"";"1";"1";"";"";"";"";;"";"";;"";"";"";;"";"";"";"";"2";"249,73";;"124,86";;;"";
"";;"PRETO";;;;;;;"1";"";"";"1";"";"";"";;"";"";;"";"";"";;"";"";"";"";"2";"333,24";;"166,62";;;"";
"Total do Produto";;;"1";"1";"1";"1";"";"";"";;"";"";;"";"";"";;"";"";"";"";"4";"582,97";;"145,74";;;
"295357 - JOTA PE SAP 13855";;;;;;;;"UN";"37";"39";"41";"";"";"";"";;"";"";;"";"";"";;"";"";"";"";"";;;;;;;
"";;"MUSGO";;;;;;;"1";"1";"1";"";"";"";"";;"";"";;"";"";"";;"";"";"";"";"3";"257,27";;"85,76";;;"";
"295358 - JOTA PE SAP 14025";;;;;;;;"UN";"38";"41";"";"";"";"";"";;"";"";;"";"";"";;"";"";"";"";"";;;;;;;
"";;"CAFé";;;;;;;"1";"";"";"";"";"";"";;"";"";;"";"";"";;"";"";"";"";"1";"89,38";;"89,38";;;"";
"";;"PRETO";;;;;;;"";"1";"";"";"";"";"";;"";"";;"";"";"";;"";"";"";"";"1";"178,76";;"178,76";;;"";
"Total do Produto";;;"1";"1";"";"";"";"";"";;"";"";;"";"";"";;"";"";"";"";"2";"268,14";;"134,07";;;
"294973 - JOTA PÊ 449441 460761";;;;;;;;"PR";"39";"40";"41";"";"";"";"";;"";"";;"";"";"";;"";"";"";"";"";;;;;;;
"";;"PRETO";;;;;;;"1";"1";"1";"";"";"";"";;"";"";;"";"";"";;"";"";"";"";"3";"417,58";;"139,19";;;"";
"";;;;;"Total Fornecedor";;;;"4";"4";"3";"1";"";"";"";;"";"";;"";"";"";;"";"";"";"";"12";"1.525,96";;"127,16";;;"";
"FORNECEDOR: 777 - JS. FILHOS - J.SHAYEB";;;;;;;;;"";;;;;;;;;;;;;;;;;;;;;;;;;;
"TecSoft - Tecnologia em Sistemas";;;;;;;;;;;;;;;;;;;;;;;;;;;;;;;;;;;
"";;"VALENTINI COMERCIO DE CALCADOS EIRELI LTDA";;;;;;"RELATÓRIO DE ESTOQUES POR GRADE";;;;;;;;;;;;;;"DATA:";"27/08/2014";;;
;;"89190-000  TAIO  SC";"";;;"SITUAÇÃO EM 27 DE AGOSTO DE 2014";;;;;;;;;;"PÁG.:";"8";
;;" Filiais: '1'";;;
"REFERÊNCIA/DESCRIÇÃO";;;;"";;;"UNIDADE";;"TAMANHOS";;;"";;;;;;;;;;;;;;;;"TOTALESTOQUE";"VALORFINANCEIRO";"CUSTOMÉDIO";;;;"";
"";;;;;;;"";;;;;;;;;;;;;;;;;;;;;;;;;;;;
"296572 - OXDDI CINTO 3503078";;;;;;;;"UN";"100";"";"";"";"";"";"";;"";"";;"";"";"";;"";"";"";"";
"";;"PRETO";;;;;;;"4";"";"";"";"";"";"";;"";"";;"";"";"";;"";"";"";"";"4";"91,60";;"22,90";;;"";
"296571 - OXDDI CINTO 3503085";;;;;;;;"UN";"100";"";"";"";"";"";"";;"";"";;"";"";"";;"";"";"";"";"";;;;;;;
"";;"PRETO";;;;;;;"3";"";"";"";"";"";"";;"";"";;"";"";"";;"";"";"";"";"3";"52,50";;"17,50";;;"";
"296570 - OXDDIO CINTOS 4003227";;;;;;;;"UN";"100";"";"";"";"";"";"";;"";"";;"";"";"";;"";"";"";"";"";;;;;;;
"";;"CAFé";;;;;;;"4";"";"";"";"";"";"";;"";"";;"";"";"";;"";"";"";"";"4";"99,60";;"24,90";;;"";
"";;"PRETO";;;;;;;"5";"";"";"";"";"";"";;"";"";;"";"";"";;"";"";"";"";"5";"124,50";;"24,90";;;"";
"Total do Produto";;;"9";"";"";"";"";"";"";;"";"";;"";"";"";;"";"";"";"";"9";"224,10";;"24,90";;;
"";;;;;"Total Fornecedor";;;;"16";"";"";"";"";"";"";;"";"";;"";"";"";;"";"";"";"";"16";"368,20";;"23,01";;;"";
"FORNECEDOR: 630 - KEFFOR";;;;;;;;;"";;;;;;;;;;;;;;;;;;;;;;;;;;
"296532 - KEFFOR 110 872";;;;;;;;"PR";"40";"41";"42";"43";"";"";"";;"";"";;"";"";"";;"";"";"";"";
"";;"PRETO";;;;;;;"1";"1";"1";"1";"";"";"";;"";"";;"";"";"";;"";"";"";"";"4";"279,60";;"69,90";;;"";
"296531 - KEFFOR 913 112";;;;;;;;"PR";"39";"40";"42";"43";"44";"";"";;"";"";;"";"";"";;"";"";"";"";"";;;;;;;
"";;"PRETO";;;;;;;"1";"1";"1";"1";"1";"";"";;"";"";;"";"";"";;"";"";"";"";"5";"334,50";;"66,90";;;"";
"";;;;;"Total Fornecedor";;;;"2";"2";"2";"2";"1";"";"";;"";"";;"";"";"";;"";"";"";"";"9";"614,10";;"68,23";;;"";
"FORNECEDOR: 958 - KLIN MS";;;;;;;;;"";;;;;;;;;;;;;;;;;;;;;;;;;;
"296569 - KLIN PRINCESA 170";;;;;;;;"PR";"22";"23";"24";"25";"26";"27";"28";;"29";"30";;"31";"32";"";;"";"";"";"";
"";;"PRETO";;;;;;;"1";"1";"1";"1";"1";"1";"1";;"1";"2";;"1";"1";"";;"";"";"";"";"12";"325,74";;"27,15";;;"";
"";;;;;"Total Fornecedor";;;;"1";"1";"1";"1";"1";"1";"1";;"1";"2";;"1";"1";"";;"";"";"";"";"12";"325,74";;"27,15";;;"";
"FORNECEDOR: 669 - LABELLI";;;;;;;;;"";;;;;;;;;;;;;;;;;;;;;;;;;;
"296556 - PEGADA SAP 22106";;;;;;;;"UN";"CAFé";"";"";"";"";"";"";;"";"";;"";"";"";;"";"";"";"";
"";;"39";;;;;;;"1";"";"";"";"";"";"";;"";"";;"";"";"";;"";"";"";"";"1";"66,60";;"66,60";;;"";
"";;"40";;;;;;;"2";"";"";"";"";"";"";;"";"";;"";"";"";;"";"";"";"";"2";"133,20";;"66,60";;;"";
"";;"41";;;;;;;"1";"";"";"";"";"";"";;"";"";;"";"";"";;"";"";"";"";"1";"66,60";;"66,60";;;"";
"";;"42";;;;;;;"1";"";"";"";"";"";"";;"";"";;"";"";"";;"";"";"";"";"1";"66,60";;"66,60";;;"";
"";;"43";;;;;;;"1";"";"";"";"";"";"";;"";"";;"";"";"";;"";"";"";"";"1";"66,60";;"66,60";;;"";
"Total do Produto";;;"6";"";"";"";"";"";"";;"";"";;"";"";"";;"";"";"";"";"6";"399,60";;"66,60";;;
"";;;;;"Total Fornecedor";;;;"6";"";"";"";"";"";"";;"";"";;"";"";"";;"";"";"";"";"6";"399,60";;"66,60";;;"";
"FORNECEDOR: 680 - LEFFA - CALCADOS ASLD";;;;;;;;;"";;;;;;;;;;;;;;;;;;;;;;;;;;
"296301 - LEFFA CHI 589/ 584/ 582";;;;;;;;"UN";"33";"";"";"";"";"";"";;"";"";;"";"";"";;"";"";"";"";
"";;"PRETO";;;;;;;"7";"";"";"";"";"";"";;"";"";;"";"";"";;"";"";"";"";"7";"158,76";;"22,68";;;"";
"296303 - LEFFA CHI 753";;;;;;;;"UN";"33";"";"";"";"";"";"";;"";"";;"";"";"";;"";"";"";"";"";;;;;;;
"";;"PRETO";;;;;;;"3";"";"";"";"";"";"";;"";"";;"";"";"";;"";"";"";"";"3";"92,01";;"30,67";;;"";
"296300 - LEFFA CHI 767/ 761/ 569";;;;;;;;"UN";"33";"";"";"";"";"";"";;"";"";;"";"";"";;"";"";"";"";"";;;;;;;
"";;"CAFé";;;;;;;"6";"";"";"";"";"";"";;"";"";;"";"";"";;"";"";"";"";"6";"147,54";;"24,59";;;"";
"";;;;;"Total Fornecedor";;;;"16";"";"";"";"";"";"";;"";"";;"";"";"";;"";"";"";"";"16";"398,31";;"24,89";;;"";
"";;;;;;;;;;;;;;;;;;;;;;;;;;;;;;;;;;;

"TecSoft - Tecnologia em Sistemas";;;;;;;;;;;;;;;;;;;;;;;;;;;;;;;;;;;
"";;"VALENTINI COMERCIO DE CALCADOS EIRELI LTDA";;;;;;"RELATÓRIO DE ESTOQUES POR GRADE";;;;;;;;;;;;;;"DATA:";"27/08/2014";;;
;;"89190-000  TAIO  SC";"";;;"SITUAÇÃO EM 27 DE AGOSTO DE 2014";;;;;;;;;;"PÁG.:";"9";
;;" Filiais: '1'";;;
"REFERÊNCIA/DESCRIÇÃO";;;;"";;;"UNIDADE";;"TAMANHOS";;;"";;;;;;;;;;;;;;;;"TOTALESTOQUE";"VALORFINANCEIRO";"CUSTOMÉDIO";;;;"";
"";;;;;;;"";;;;;;;;;;;;;;;;;;;;;;;;;;;;
"FORNECEDOR: 720 - LYND CALCADOS LTDA";;;;;;;;;
"294847 - LYND 248 249";;;;;;;;"PR";"33";"34";"35";"";"";"";"";;"";"";;"";"";"";;"";"";"";"";
"";;"CINZA";;;;;;;"2";"1";"1";"";"";"";"";;"";"";;"";"";"";;"";"";"";"";"4";"108,72";;"27,18";;;"";
"296409 - LYND 295 TENIS";;;;;;;;"PR";"33";"36";"37";"";"";"";"";;"";"";;"";"";"";;"";"";"";"";"";;;;;;;
"";;"CINZA";;;;;;;"2";"2";"2";"";"";"";"";;"";"";;"";"";"";;"";"";"";"";"6";"79,98";;"13,33";;;"";
"296479 - LYND 9001 9002";;;;;;;;"PR";"33";"34";"35";"36";"37";"";"";;"";"";;"";"";"";;"";"";"";"";"";;;;;;;
"";;"PRETO";;;;;;;"";"1";"1";"1";"2";"";"";;"";"";;"";"";"";;"";"";"";"";"5";"0,00";;"0,00";;;"";
"";;"ROSA";;;;;;;"5";"";"";"";"";"";"";;"";"";;"";"";"";;"";"";"";"";"5";"149,95";;"29,99";;;"";
"";;"VERMELHO";;;;;;;"";"1";"";"";"";"";"";;"";"";;"";"";"";;"";"";"";"";"1";"0,00";;"0,00";;;"";
"Total do Produto";;;"5";"2";"1";"1";"2";"";"";;"";"";;"";"";"";;"";"";"";"";"11";"149,95";;"13,63";;;
"296480 - LYND 9004 9005";;;;;;;;"PR";"33";"35";"36";"37";"";"";"";;"";"";;"";"";"";;"";"";"";"";"";;;;;;;
"";;"OURO";;;;;;;"2";"1";"1";"1";"";"";"";;"";"";;"";"";"";;"";"";"";"";"5";"69,98";;"14,00";;;"";
"294848 - LYND TENIS 243";;;;;;;;"PR";"33";"36";"37";"38";"40";"41";"";;"";"";;"";"";"";;"";"";"";"";"";;;;;;;
"";;"CINZA";;;;;;;"6";"1";"";"1";"";"";"";;"";"";;"";"";"";;"";"";"";"";"8";"298,92";;"37,37";;;"";
"";;"PRETO";;;;;;;"";"";"1";"1";"1";"1";"";;"";"";;"";"";"";;"";"";"";"";"4";"0,00";;"0,00";;;"";
"Total do Produto";;;"6";"1";"1";"2";"1";"1";"";;"";"";;"";"";"";;"";"";"";"";"12";"298,92";;"24,91";;;
"296410 - LYND TENIS 321";;;;;;;;"PR";"33";"";"";"";"";"";"";;"";"";;"";"";"";;"";"";"";"";"";;;;;;;
"";;"AZUL";;;;;;;"3";"";"";"";"";"";"";;"";"";;"";"";"";;"";"";"";"";"3";"149,97";;"49,99";;;"";
"295634 - LYND TENIS ACTIVE 263";;;;;;;;"UN";"34";"35";"37";"38";"";"";"";;"";"";;"";"";"";;"";"";"";"";"";;;;;;;
"";;"BRANCO";;;;;;;"1";"2";"1";"1";"";"";"";;"";"";;"";"";"";;"";"";"";"";"5";"0,00";;"0,00";;;"";
"";;"CINZA";;;;;;;"1";"1";"1";"1";"";"";"";;"";"";;"";"";"";;"";"";"";"";"4";"181,12";;"45,28";;;"";
"Total do Produto";;;"2";"3";"2";"2";"";"";"";;"";"";;"";"";"";;"";"";"";"";"9";"181,12";;"20,12";;;
"";;;;;"Total Fornecedor";;;;"22";"10";"8";"6";"3";"1";"";;"";"";;"";"";"";;"";"";"";"";"50";"1.038,64";;"20,77";;;"";
"FORNECEDOR: 723 - NIKE - ALPAR";;;;;;;;;"";;;;;;;;;;;;;;;;;;;;;;;;;;
"295359 - NIKE AIR MAX STRIKE 2";;;;;;;;"PR";"34";"35";"36";"39";"40";"";"";;"";"";;"";"";"";;"";"";"";"";
"";;"BRANCO";;;;;;;"6";"1";"1";"1";"1";"";"";;"";"";;"";"";"";;"";"";"";"";"10";"1.018,95";;"101,90";;;"";
"295593 - NIKE AIR MAX TAILWIND";;;;;;;;"PR";"37";"39";"40";"41";"42";"";"";;"";"";;"";"";"";;"";"";"";"";"";;;;;;;
"";;"BRANCO";;;;;;;"4";"1";"1";"1";"1";"";"";;"";"";;"";"";"";;"";"";"";"";"8";"922,04";;"115,25";;;"";
"";;;;;"Total Fornecedor";;;;"10";"2";"2";"2";"2";"";"";;"";"";;"";"";"";;"";"";"";"";"18";"1.940,99";;"107,83";;;"";
"FORNECEDOR: 378 - PEGADA";;;;;;;;;"";;;;;;;;;;;;;;;;;;;;;;;;;;
"295939 - PEGADA 12209";;;;;;;;"PR";"37";"38";"39";"40";"41";"43";"";;"";"";;"";"";"";;"";"";"";"";
"";;"CINZA";;;;;;;"";"";"";"";"";"1";"";;"";"";;"";"";"";;"";"";"";"";"1";"72,16";;"72,16";;;"";
"";;"GIZ";;;;;;;"1";"1";"2";"1";"1";"";"";;"";"";;"";"";"";;"";"";"";"";"6";"481,07";;"80,18";;;"";
"Total do Produto";;;"1";"1";"2";"1";"1";"1";"";;"";"";;"";"";"";;"";"";"";"";"7";"553,23";;"79,03";;;
"294634 - PEGADA 12601";;;;;;;;"PR";"38";"43";"";"";"";"";"";;"";"";;"";"";"";;"";"";"";"";"";;;;;;;
"";;"MENTA";;;;;;;"1";"1";"";"";"";"";"";;"";"";;"";"";"";;"";"";"";"";"2";"209,73";;"104,86";;;"";
"295414 - PEGADA 12606 -12804";;;;;;;;"PR";"37";"43";"";"";"";"";"";;"";"";;"";"";"";;"";"";"";"";"";;;;;;;
"";;"CAFé";;;;;;;"1";"1";"";"";"";"";"";;"";"";;"";"";"";;"";"";"";"";"2";"253,02";;"126,51";;;"";
"";;;;;;;;;;;;;;;;;;;;;;;;;;;;;;;;;;;

"TecSoft - Tecnologia em Sistemas";;;;;;;;;;;;;;;;;;;;;;;;;;;;;;;;;;;
"";;"VALENTINI COMERCIO DE CALCADOS EIRELI LTDA";;;;;;"RELATÓRIO DE ESTOQUES POR GRADE";;;;;;;;;;;;;;"DATA:";"27/08/2014";;;;
;;"89190-000  TAIO  SC";"";;;"SITUAÇÃO EM 27 DE AGOSTO DE 2014";;;;;;;;;;"PÁG.:";"10";;
;;" Filiais: '1'";;;
"REFERÊNCIA/DESCRIÇÃO";;;;"";;;"UNIDADE";;"TAMANHOS";;;"";;;;;;;;;;;;;;;;"TOTALESTOQUE";"VALORFINANCEIRO";"CUSTOMÉDIO";;;;"";;
"";;;;;;;"";;;;;;;;;;;;;;;;;;;;;;;;;;;;;
"295442 - PEGADA 20916-5";;;;;;;;"PR";"45";"";"";"";"";"";"";;"";"";;"";"";"";;"";"";"";"";
"";;"CAFé";;;;;;;"1";"";"";"";"";"";"";;"";"";;"";"";"";;"";"";"";"";"1";"64,97";;"64,97";;;"";;
"295443 - PEGADA 20921-1/ 20920-1";;;;;;;;"PR";"38";"39";"41";"";"";"";"";;"";"";;"";"";"";;"";"";"";"";"";;;;;;;;
"";;"PRETO";;;;;;;"1";"1";"1";"";"";"";"";;"";"";;"";"";"";;"";"";"";"";"3";"235,97";;"78,66";;;"";;
"295979 - PEGADA BOTA 12704";;;;;;;;"UN";"39";"40";"41";"42";"43";"44";"";;"";"";;"";"";"";;"";"";"";"";"";;;;;;;;
"";;"CAFé";;;;;;;"2";"2";"1";"1";"1";"1";"";;"";"";;"";"";"";;"";"";"";"";"8";"1.010,99";;"126,37";;;"";;
"295419 - PEGADA SAP 12606/ 12803/ 12804";;;;;;;;"UN";"38";"40";"43";"";"";"";"";;"";"";;"";"";"";;"";"";"";"";"";;;;;;;;
"";;"BLUE";;;;;;;"";"";"1";"";"";"";"";;"";"";;"";"";"";;"";"";"";"";"1";"78,69";;"78,69";;;"";;
"";;"GIZ";;;;;;;"1";"1";"";"";"";"";"";;"";"";;"";"";"";;"";"";"";"";"2";"314,76";;"157,38";;;"";;
"Total do Produto";;;"1";"1";"1";"";"";"";"";;"";"";;"";"";"";;"";"";"";"";"3";"393,45";;"131,15";;;
"295787 - PEGADA SAPATENIS 11455-2";;;;;;;;"UN";"37";"38";"";"";"";"";"";;"";"";;"";"";"";;"";"";"";"";"";;;;;;;;
"";;"INDEFINIDO";;;;;;;"1";"1";"";"";"";"";"";;"";"";;"";"";"";;"";"";"";"";"2";"147,76";;"73,88";;;"";;
"295947 - PEGADA SAPATENIS 12118";;;;;;;;"PR";"37";"39";"42";"43";"44";"";"";;"";"";;"";"";"";;"";"";"";"";"";;;;;;;;
"";;"CAFé";;;;;;;"1";"1";"";"";"";"";"";;"";"";;"";"";"";;"";"";"";"";"2";"236,07";;"118,03";;;"";;
"";;"VINHO";;;;;;;"";"";"1";"1";"1";"";"";;"";"";;"";"";"";;"";"";"";"";"3";"314,76";;"104,92";;;"";;
"Total do Produto";;;"1";"1";"1";"1";"1";"";"";;"";"";;"";"";"";;"";"";"";"";"5";"550,83";;"110,17";;;
"295976 - PEGADA SAPATENIS 12703";;;;;;;;"UN";"44";"";"";"";"";"";"";;"";"";;"";"";"";;"";"";"";"";"";;;;;;;;
"";;"GIZ";;;;;;;"1";"";"";"";"";"";"";;"";"";;"";"";"";;"";"";"";"";"1";"83,20";;"83,20";;;"";;
"295977 - PEGADA SAPATENIS 14004";;;;;;;;"UN";"41";"44";"";"";"";"";"";;"";"";;"";"";"";;"";"";"";"";"";;;;;;;;
"";;"IPE";;;;;;;"1";"1";"";"";"";"";"";;"";"";;"";"";"";;"";"";"";"";"2";"159,74";;"79,87";;;"";;
"295974 - PEGADA SAPATENIS 14102";;;;;;;;"UN";"39";"41";"";"";"";"";"";;"";"";;"";"";"";;"";"";"";"";"";;;;;;;;
"";;"AZUL";;;;;;;"1";"";"";"";"";"";"";;"";"";;"";"";"";;"";"";"";"";"1";"91,23";;"91,23";;;"";;
"";;"CAFé";;;;;;;"";"1";"";"";"";"";"";;"";"";;"";"";"";;"";"";"";"";"1";"91,23";;"91,23";;;"";;
"Total do Produto";;;"1";"1";"";"";"";"";"";;"";"";;"";"";"";;"";"";"";"";"2";"182,46";;"91,23";;;
"295975 - PEGADA SAPATENIS 14103";;;;;;;;"UN";"41";"42";"43";"";"";"";"";;"";"";;"";"";"";;"";"";"";"";"";;;;;;;;
"";;"BORDO";;;;;;;"1";"1";"1";"";"";"";"";;"";"";;"";"";"";;"";"";"";"";"3";"283,19";;"94,40";;;"";;
"";;;;;"Total Fornecedor";;;;"14";"12";"7";"3";"3";"2";"";;"";"";;"";"";"";;"";"";"";"";"41";"4.128,54";;"100,70";;;"";;
"FORNECEDOR: 939 - PEGADA";;;;;;;;;"";;;;;;;;;;;;;;;;;;;;;;;;;;;
"296547 - PEGADA SAP 20914";;;;;;;;"UN";"PRETO";"";"";"";"";"";"";;"";"";;"";"";"";;"";"";"";"";
"";;"38";;;;;;;"1";"";"";"";"";"";"";;"";"";;"";"";"";;"";"";"";"";"1";"63,60";;"63,60";;;"";;
"";;"39";;;;;;;"1";"";"";"";"";"";"";;"";"";;"";"";"";;"";"";"";"";"1";"63,60";;"63,60";;;"";;
"";;"40";;;;;;;"2";"";"";"";"";"";"";;"";"";;"";"";"";;"";"";"";"";"2";"127,20";;"63,60";;;"";;
"";;"41";;;;;;;"1";"";"";"";"";"";"";;"";"";;"";"";"";;"";"";"";"";"1";"63,60";;"63,60";;;"";;
"";;"42";;;;;;;"1";"";"";"";"";"";"";;"";"";;"";"";"";;"";"";"";"";"1";"63,60";;"63,60";;;"";;
"Total do Produto";;;"6";"";"";"";"";"";"";;"";"";;"";"";"";;"";"";"";"";"6";"381,60";;"63,60";;;
"296549 - PEGADA SAP 21714";;;;;;;;"UN";"CAFé";"";"";"";"";"";"";;"";"";;"";"";"";;"";"";"";"";"";;;;;;;;
"";;"39";;;;;;;"1";"";"";"";"";"";"";;"";"";;"";"";"";;"";"";"";"";"1";"76,80";;"76,80";;;"";;
"";;"40";;;;;;;"1";"";"";"";"";"";"";;"";"";;"";"";"";;"";"";"";"";"1";"76,80";;"76,80";;;"";;

"TecSoft - Tecnologia em Sistemas";;;;;;;;;;;;;;;;;;;;;;;;;;;;;;;;;;;;
"";;"VALENTINI COMERCIO DE CALCADOS EIRELI LTDA";;;;;;"RELATÓRIO DE ESTOQUES POR GRADE";;;;;;;;;;;;;;"DATA:";"27/08/2014";;;;
;;"89190-000  TAIO  SC";"";;;"SITUAÇÃO EM 27 DE AGOSTO DE 2014";;;;;;;;;;"PÁG.:";"11";;
;;" Filiais: '1'";;;
"REFERÊNCIA/DESCRIÇÃO";;;;"";;;"UNIDADE";;"TAMANHOS";;;"";;;;;;;;;;;;;;;;"TOTALESTOQUE";"VALORFINANCEIRO";"CUSTOMÉDIO";;;;"";;
"";;;;;;;"";;;;;;;;;;;;;;;;;;;;;;;;;;;;;
"";;"41";;;;;;;"1";"";"";"";"";"";"";;"";"";;"";"";"";;"";"";"";"";"1";"76,80";;"76,80";;;"";;
"";;"43";;;;;;;"1";"";"";"";"";"";"";;"";"";;"";"";"";;"";"";"";"";"1";"76,80";;"76,80";;;"";;
"";;"44";;;;;;;"1";"";"";"";"";"";"";;"";"";;"";"";"";;"";"";"";"";"1";"76,80";;"76,80";;;"";;
"Total do Produto";;;"5";"";"";"";"";"";"";;"";"";;"";"";"";;"";"";"";"";"5";"384,00";;"76,80";;;
"296550 - PEGADA SAP 21718";;;;;;;;"UN";"PRATA";"";"";"";"";"";"";;"";"";;"";"";"";;"";"";"";"";"";;;;;;;;
"";;"38";;;;;;;"1";"";"";"";"";"";"";;"";"";;"";"";"";;"";"";"";"";"1";"80,60";;"80,60";;;"";;
"";;"39";;;;;;;"1";"";"";"";"";"";"";;"";"";;"";"";"";;"";"";"";"";"1";"80,60";;"80,60";;;"";;
"";;"41";;;;;;;"1";"";"";"";"";"";"";;"";"";;"";"";"";;"";"";"";"";"1";"80,60";;"80,60";;;"";;
"";;"42";;;;;;;"1";"";"";"";"";"";"";;"";"";;"";"";"";;"";"";"";"";"1";"80,60";;"80,60";;;"";;
"Total do Produto";;;"4";"";"";"";"";"";"";;"";"";;"";"";"";;"";"";"";"";"4";"322,40";;"80,60";;;
"296552 - PEGADA SAP 22101";;;;;;;;"UN";"PRETO";"";"";"";"";"";"";;"";"";;"";"";"";;"";"";"";"";"";;;;;;;;
"";;"39";;;;;;;"1";"";"";"";"";"";"";;"";"";;"";"";"";;"";"";"";"";"1";"56,60";;"56,60";;;"";;
"";;"40";;;;;;;"1";"";"";"";"";"";"";;"";"";;"";"";"";;"";"";"";"";"1";"56,60";;"56,60";;;"";;
"";;"41";;;;;;;"1";"";"";"";"";"";"";;"";"";;"";"";"";;"";"";"";"";"1";"56,60";;"56,60";;;"";;
"";;"42";;;;;;;"1";"";"";"";"";"";"";;"";"";;"";"";"";;"";"";"";"";"1";"56,60";;"56,60";;;"";;
"";;"45";;;;;;;"1";"";"";"";"";"";"";;"";"";;"";"";"";;"";"";"";"";"1";"56,60";;"56,60";;;"";;
"Total do Produto";;;"5";"";"";"";"";"";"";;"";"";;"";"";"";;"";"";"";"";"5";"283,00";;"56,60";;;
"296560 - PEGADA SAP 22203";;;;;;;;"UN";"PRETO";"";"";"";"";"";"";;"";"";;"";"";"";;"";"";"";"";"";;;;;;;;
"";;"37";;;;;;;"1";"";"";"";"";"";"";;"";"";;"";"";"";;"";"";"";"";"1";"79,90";;"79,90";;;"";;
"";;"38";;;;;;;"1";"";"";"";"";"";"";;"";"";;"";"";"";;"";"";"";"";"1";"79,90";;"79,90";;;"";;
"";;"39";;;;;;;"1";"";"";"";"";"";"";;"";"";;"";"";"";;"";"";"";"";"1";"79,90";;"79,90";;;"";;
"";;"40";;;;;;;"1";"";"";"";"";"";"";;"";"";;"";"";"";;"";"";"";"";"1";"79,90";;"79,90";;;"";;
"";;"41";;;;;;;"1";"";"";"";"";"";"";;"";"";;"";"";"";;"";"";"";"";"1";"79,90";;"79,90";;;"";;
"";;"42";;;;;;;"1";"";"";"";"";"";"";;"";"";;"";"";"";;"";"";"";"";"1";"79,90";;"79,90";;;"";;
"Total do Produto";;;"6";"";"";"";"";"";"";;"";"";;"";"";"";;"";"";"";"";"6";"479,40";;"79,90";;;
"";;;;;"Total Fornecedor";;;;"26";"";"";"";"";"";"";;"";"";;"";"";"";;"";"";"";"";"26";"1.850,40";;"71,17";;;"";;
"FORNECEDOR: 963 - PEGADA - POZZO";;;;;;;;;"";;;;;;;;;;;;;;;;;;;;;;;;;;;
"296588 - PEGADA 8916 8922 STL";;;;;;;;"PR";"37";"38";"39";"40";"41";"42";"";;"";"";;"";"";"";;"";"";"";"";
"";;"MARRON";;;;;;;"1";"1";"1";"1";"1";"1";"";;"";"";;"";"";"";;"";"";"";"";"6";"341,40";;"56,90";;;"";;
"296587 - PEGADA 8917 SAPATILHA";;;;;;;;"PR";"39";"40";"41";"42";"43";"44";"";;"";"";;"";"";"";;"";"";"";"";"";;;;;;;;
"";;"CAFé";;;;;;;"1";"1";"1";"1";"1";"1";"";;"";"";;"";"";"";;"";"";"";"";"6";"371,40";;"61,90";;;"";;
"";;;;;"Total Fornecedor";;;;"2";"2";"2";"2";"2";"2";"";;"";"";;"";"";"";;"";"";"";"";"12";"712,80";;"59,40";;;"";;
"FORNECEDOR: 356 - PELUCCI CALCADOS";;;;;;;;;"";;;;;;;;;;;;;;;;;;;;;;;;;;;
"293174 - PELUCI SAP COURO DE CARNEIRO";;;;;;;;"PR";"35";"41";"";"";"";"";"";;"";"";;"";"";"";;"";"";"";"";
"";;"BAMBU";;;;;;;"2";"";"";"";"";"";"";;"";"";;"";"";"";;"";"";"";"";"2";"149,80";;"74,90";;;"";;
"";;"BRANCO";;;;;;;"";"1";"";"";"";"";"";;"";"";;"";"";"";;"";"";"";"";"1";"0,00";;"0,00";;;"";;
"Total do Produto";;;"2";"1";"";"";"";"";"";;"";"";;"";"";"";;"";"";"";"";"3";"149,80";;"49,93";;;
"";;;;;;;;;;;;;;;;;;;;;;;;;;;;;;;;;;;;

"TecSoft - Tecnologia em Sistemas";;;;;;;;;;;;;;;;;;;;;;;;;;;;;;;;;;;;
"";;"VALENTINI COMERCIO DE CALCADOS EIRELI LTDA";;;;;;"RELATÓRIO DE ESTOQUES POR GRADE";;;;;;;;;;;;;;"DATA:";"27/08/2014";;;;
;;"89190-000  TAIO  SC";"";;;"SITUAÇÃO EM 27 DE AGOSTO DE 2014";;;;;;;;;;"PÁG.:";"12";;
;;" Filiais: '1'";;;
"REFERÊNCIA/DESCRIÇÃO";;;;"";;;"UNIDADE";;"TAMANHOS";;;"";;;;;;;;;;;;;;;;"TOTALESTOQUE";"VALORFINANCEIRO";"CUSTOMÉDIO";;;;"";;
"";;;;;;;"";;;;;;;;;;;;;;;;;;;;;;;;;;;;;
"Total Fornecedor";;;;"2";"1";"";"";"";"";"";;"";"";;"";"";"";;"";"";"";"";"3";"149,80";;"49,93";;;
"FORNECEDOR: 600 - PIPPER - CARRERA";;;;;;;;;"";;;;;;;;;;;;;;;;;;;;;;;;;;;
"296543 - PIPPER 19932";;;;;;;;"PC";"38";"39";"40";"41";"42";"43";"";;"";"";;"";"";"";;"";"";"";"";
"";;"CAFé";;;;;;;"1";"1";"1";"1";"1";"1";"";;"";"";;"";"";"";;"";"";"";"";"6";"160,85";;"26,81";;;"";;
"";;"PRETO";;;;;;;"";"1";"";"";"";"";"";;"";"";;"";"";"";;"";"";"";"";"1";"26,95";;"26,95";;;"";;
"Total do Produto";;;"1";"2";"1";"1";"1";"1";"";;"";"";;"";"";"";;"";"";"";"";"7";"187,80";;"26,83";;;
"296579 - PIPPER 60";;;;;;;;"PR";"38";"39";"40";"41";"42";"43";"";;"";"";;"";"";"";;"";"";"";"";"";;;;;;;;
"";;"PRETO";;;;;;;"1";"1";"1";"1";"1";"1";"";;"";"";;"";"";"";;"";"";"";"";"6";"627,42";;"104,57";;;"";;
"";;;;;"Total Fornecedor";;;;"2";"3";"2";"2";"2";"2";"";;"";"";;"";"";"";;"";"";"";"";"13";"815,22";;"62,71";;;"";;
"FORNECEDOR: 467 - PULMA";;;;;;;;;"";;;;;;;;;;;;;;;;;;;;;;;;;;;
"295945 - PULMA 173-2";;;;;;;;"PR";"35";"36";"37";"42";"";"";"";;"";"";;"";"";"";;"";"";"";"";
"";;"BRANCO";;;;;;;"1";"";"1";"1";"";"";"";;"";"";;"";"";"";;"";"";"";"";"3";"93,00";;"31,00";;;"";;
"";;"GRAFITE";;;;;;;"1";"1";"";"";"";"";"";;"";"";;"";"";"";;"";"";"";"";"2";"93,00";;"46,50";;;"";;
"Total do Produto";;;"2";"1";"1";"1";"";"";"";;"";"";;"";"";"";;"";"";"";"";"5";"186,00";;"37,20";;;
"295944 - PULMA 501 ";;;;;;;;"PR";"34";"35";"36";"37";"38";"39";"40";;"41";"42";;"";"";"";;"";"";"";"";"";;;;;;;;
"";;"AMARELO";;;;;;;"";"1";"1";"1";"1";"1";"1";;"1";"1";;"";"";"";;"";"";"";"";"8";"359,10";;"44,89";;;"";;
"";;"PINK";;;;;;;"1";"1";"1";"1";"1";"";"";;"";"";;"";"";"";;"";"";"";"";"5";"319,20";;"63,84";;;"";;
"";;"UVA";;;;;;;"";"1";"2";"2";"";"";"";;"";"";;"";"";"";;"";"";"";"";"5";"319,20";;"63,84";;;"";;
"Total do Produto";;;"1";"3";"4";"4";"2";"1";"1";;"1";"1";;"";"";"";;"";"";"";"";"18";"997,50";;"55,42";;;
"";;;;;"Total Fornecedor";;;;"3";"4";"5";"5";"2";"1";"1";;"1";"1";;"";"";"";;"";"";"";"";"23";"1.183,50";;"51,46";;;"";;
"FORNECEDOR: 684 - RED RIVER IND. COM. E MKT LTDA";;;;;;;;;"";;;;;;;;;;;;;;;;;;;;;;;;;;;
"295059 - QIX ALLAN MESQUITA - VULCAN 102";;;;;;;;"PR";"34";"";"";"";"";"";"";;"";"";;"";"";"";;"";"";"";"";
"";;"CONHAQUE";;;;;;;"4";"";"";"";"";"";"";;"";"";;"";"";"";;"";"";"";"";"4";"347,44";;"86,86";;;"";;
"295940 - QIX ALLAN MESQUITA CAMURÇA";;;;;;;;"PR";"37";"";"";"";"";"";"";;"";"";;"";"";"";;"";"";"";"";"";;;;;;;;
"";;"MUSGO";;;;;;;"1";"";"";"";"";"";"";;"";"";;"";"";"";;"";"";"";"";"1";"105,85";;"105,85";;;"";;
"296286 - QIX BASE 105704";;;;;;;;"UN";"37";"";"";"";"";"";"";;"";"";;"";"";"";;"";"";"";"";"";;;;;;;;
"";;"VERMELHO";;;;;;;"1";"";"";"";"";"";"";;"";"";;"";"";"";;"";"";"";"";"1";"90,65";;"90,65";;;"";;
"296437 - QIX FIRST ";;;;;;;;"PR";"37";"";"";"";"";"";"";;"";"";;"";"";"";;"";"";"";"";"";;;;;;;;
"";;"PRETO";;;;;;;"3";"";"";"";"";"";"";;"";"";;"";"";"";;"";"";"";"";"3";"278,97";;"92,99";;;"";;
"296154 - QIX ROOTS105603";;;;;;;;"PR";"37";"";"";"";"";"";"";;"";"";;"";"";"";;"";"";"";"";"";;;;;;;;
"";;"CINZA";;;;;;;"2";"";"";"";"";"";"";;"";"";;"";"";"";;"";"";"";"";"2";"221,82";;"110,91";;;"";;
"296153 - QIX SAN DIEGO 105081";;;;;;;;"PR";"37";"";"";"";"";"";"";;"";"";;"";"";"";;"";"";"";"";"";;;;;;;;
"";;"CINZA";;;;;;;"5";"";"";"";"";"";"";;"";"";;"";"";"";;"";"";"";"";"5";"503,90";;"100,78";;;"";;
"295821 - QIX SAN DIEGO 3280E";;;;;;;;"UN";"34";"";"";"";"";"";"";;"";"";;"";"";"";;"";"";"";"";"";;;;;;;;
"";;"PRETO";;;;;;;"1";"";"";"";"";"";"";;"";"";;"";"";"";;"";"";"";"";"1";"95,72";;"95,72";;;"";;
"293883 - QIX SUNSET ";;;;;;;;"PR";"34";"";"";"";"";"";"";;"";"";;"";"";"";;"";"";"";"";"";;;;;;;;
"";;"PRETO";;;;;;;"14";"";"";"";"";"";"";;"";"";;"";"";"";;"";"";"";"";"14";"1.374,66";;"98,19";;;"";;
"294542 - QIX SUNSET 703607";;;;;;;;"PR";"34";"";"";"";"";"";"";;"";"";;"";"";"";;"";"";"";"";"";;;;;;;;

"TecSoft - Tecnologia em Sistemas";;;;;;;;;;;;;;;;;;;;;;;;;;;;;;;;;;;;
"";;"VALENTINI COMERCIO DE CALCADOS EIRELI LTDA";;;;;;"RELATÓRIO DE ESTOQUES POR GRADE";;;;;;;;;;;;;;;"DATA:";"27/08/2014";;;;
;;"89190-000  TAIO  SC";"";;;"SITUAÇÃO EM 27 DE AGOSTO DE 2014";;;;;;;;;;;"PÁG.:";"13";;
;;" Filiais: '1'";;;
"REFERÊNCIA/DESCRIÇÃO";;;;"";;;"UNIDADE";;"TAMANHOS";;;"";;;;;;;;;;;;;;;;;"TOTALESTOQUE";"VALORFINANCEIRO";"CUSTOMÉDIO";;;;"";;
"";;;;;;;"";;;;;;;;;;;;;;;;;;;;;;;;;;;;;;
"";;"CINZA";;;;;;;"10";"";"";"";"";"";"";;"";"";;"";"";;"";;"";"";"";"";"10";"875,00";;"87,50";;;"";;
"295590 - QIX SUNSET ETNICO ";;;;;;;;"PR";"35";"";"";"";"";"";"";;"";"";;"";"";;"";;"";"";"";"";"";;;;;;;;
"";;"ESTAMPADO";;;;;;;"1";"";"";"";"";"";"";;"";"";;"";"";;"";;"";"";"";"";"1";"86,87";;"86,87";;;"";;
"";;;;;"Total Fornecedor";;;;"42";"";"";"";"";"";"";;"";"";;"";"";;"";;"";"";"";"";"42";"3.980,88";;"94,78";;;"";;
"FORNECEDOR: 727 - SKECHERS FOOTWEAR";;;;;;;;;"";;;;;;;;;;;;;;;;;;;;;;;;;;;;
"296086 - SKECHEARS SYNERGY SHIELD";;;;;;;;"PR";"37";"41";"42";"43";"";"";"";;"";"";;"";"";;"";;"";"";"";"";
"";;"AZUL";;;;;;;"3";"1";"1";"1";"";"";"";;"";"";;"";"";;"";;"";"";"";"";"6";"298,50";;"49,75";;;"";;
"295957 - SKECHERS 11728/";;;;;;;;"PR";"34";"35";"36";"37";"38";"";"";;"";"";;"";"";;"";;"";"";"";"";"";;;;;;;;
"";;"ROSA";;;;;;;"4";"1";"1";"1";"1";"";"";;"";"";;"";"";;"";;"";"";"";"";"8";"438,00";;"54,75";;;"";;
"296591 - SKECHERS 11880 FLEXAPPEAL";;;;;;;;"PR";"35";"";"";"";"";"";"";;"";"";;"";"";;"";;"";"";"";"";"";;;;;;;;
"";;"PRETO";;;;;;;"1";"";"";"";"";"";"";;"";"";;"";"";;"";;"";"";"";"";"1";"109,50";;"109,50";;;"";;
"295956 - SKECHERS R-11667";;;;;;;;"PR";"33";"37";"38";"";"";"";"";;"";"";;"";"";;"";;"";"";"";"";"";;;;;;;;
"";;"CINZA";;;;;;;"2";"1";"1";"";"";"";"";;"";"";;"";"";;"";;"";"";"";"";"4";"199,00";;"49,75";;;"";;
"295332 - SKECHERS WOMENS GORUN2";;;;;;;;"UN";"33";"34";"35";"40";"42";"";"";;"";"";;"";"";;"";;"";"";"";"";"";;;;;;;;
"";;"CINZA";;;;;;;"4";"1";"1";"2";"1";"";"";;"";"";;"";"";;"";;"";"";"";"";"9";"798,00";;"88,67";;;"";;
"";;;;;"Total Fornecedor";;;;"14";"4";"4";"4";"2";"";"";;"";"";;"";"";;"";;"";"";"";"";"28";"1.843,00";;"65,82";;;"";;
"FORNECEDOR: 927 - SUGAR SHOES";;;;;;;;;"";;;;;;;;;;;;;;;;;;;;;;;;;;;;
"295937 - STAR T. CAN 184/ 247/ 6/ 144 IC 229 ANI 2";;;;;;;;"PR";"";"";"";"";
"";;"PRETO";;;;;;;"";"";"";"";"0";;;;"0,00";;;;;"0,00";;;;"";;;;;;;;;;;
"296274 - STAR T. CANVAS LOW 143";;;;;;;;"UN";"34";"";"";"";"";"";"";;"";"";;"";"";;"";;"";"";"";"";"";;;;;;;;
"";;"PRETO";;;;;;;"18";"";"";"";"";"";"";;"";"";;"";"";;"";;"";"";"";"";"18";"551,52";;"30,64";;;"";;
"296273 - STAR T. ONCA SHINE 266";;;;;;;;"UN";"35";"";"";"";"";"";"";;"";"";;"";"";;"";;"";"";"";"";"";;;;;;;;
"";;"ESTAMPADO";;;;;;;"1";"";"";"";"";"";"";;"";"";;"";"";;"";;"";"";"";"";"1";"42,48";;"42,48";;;"";;
"";;;;;"Total Fornecedor";;;;"19";"";"";"";"";"";"";;"";"";;"";"";;"";;"";"";"";"";"19";"594,00";;"31,26";;;"";;
"FORNECEDOR: 476 - TRY ON/FILA DILLY NORDESTE";;;;;;;;;"";;;;;;;;;;;;;;;;;;;;;;;;;;;;
"296276 - TRY ON FUSION";;;;;;;;"UN";"37";"39";"42";"";"";"";"";;"";"";;"";"";;"";;"";"";"";"";
"";;"CINZA";;;;;;;"1";"1";"1";"";"";"";"";;"";"";;"";"";;"";;"";"";"";"";"3";"154,95";;"51,65";;;"";;
"296277 - TRY ON ORGANIC";;;;;;;;"UN";"34";"35";"37";"39";"41";"";"";;"";"";;"";"";;"";;"";"";"";"";"";;;;;;;;
"";;"PRATA";;;;;;;"";"";"1";"";"";"";"";;"";"";;"";"";;"";;"";"";"";"";"1";"49,76";;"49,76";;;"";;
"";;"PRETO";;;;;;;"1";"1";"";"1";"1";"";"";;"";"";;"";"";;"";;"";"";"";"";"4";"248,80";;"62,20";;;"";;
"Total do Produto";;;"1";"1";"1";"1";"1";"";"";;"";"";;"";"";;"";;"";"";"";"";"5";"298,56";;"59,71";;;
"24503 - TRYON CAPRI III";;;;;;;;"PR";"37";"38";"";"";"";"";"";;"";"";;"";"";;"";;"";"";"";"";"";;;;;;;;
"";;"BRANCO";;;;;;;"1";"1";"";"";"";"";"";;"";"";;"";"";;"";;"";"";"";"";"2";"109,46";;"54,73";;;"";;
"296282 - TRYON GAIA";;;;;;;;"UN";"35";"36";"";"";"";"";"";;"";"";;"";"";;"";;"";"";"";"";"";;;;;;;;
"";;"PRETO";;;;;;;"1";"1";"";"";"";"";"";;"";"";;"";"";;"";;"";"";"";"";"2";"164,33";;"82,17";;;"";;
"";;;;;"Total Fornecedor";;;;"4";"4";"2";"1";"1";"";"";;"";"";;"";"";;"";;"";"";"";"";"12";"727,30";;"60,61";;;"";;
"FORNECEDOR: 69 - UMBRO";;;;;;;;;"";;;;;;;;;;;;;;;;;;;;;;;;;;;;
"TecSoft - Tecnologia em Sistemas";;;;;;;;;;;;;;;;;;;;;;;;;;;;;;;;;;;;;
"";;"VALENTINI COMERCIO DE CALCADOS EIRELI LTDA";;;;;;"RELATÓRIO DE ESTOQUES POR GRADE";;;;;;;;;;;;;;"DATA:";"27/08/2014";;;;
;;"89190-000  TAIO  SC";"";;;"SITUAÇÃO EM 27 DE AGOSTO DE 2014";;;;;;;;;;"PÁG.:";"14";;
;;" Filiais: '1'";;;
"REFERÊNCIA/DESCRIÇÃO";;;;"";;;"UNIDADE";;"TAMANHOS";;;"";;;;;;;;;;;;;;;;"TOTALESTOQUE";"VALORFINANCEIRO";"CUSTOMÉDIO";;;;"";;
"";;;;;;;"";;;;;;;;;;;;;;;;;;;;;;;;;;;;;
"295741 - UMBRO CUP INFANTIL";;;;;;;;"UN";"28";"";"";"";"";"";"";;"";"";;"";"";"";;"";"";"";"";
"";;"BRANCO";;;;;;;"2";"";"";"";"";"";"";;"";"";;"";"";"";;"";"";"";"";"2";"98,94";;"49,47";;;"";;
"";;;;;"Total Fornecedor";;;;"2";"";"";"";"";"";"";;"";"";;"";"";"";;"";"";"";"";"2";"98,94";;"49,47";;;"";;
"FORNECEDOR: 686 - UMBRO";;;;;;;;;"";;;;;;;;;;;;;;;;;;;;;;;;;;;
"293505 - UMBRO ATACK JR INFANTIL";;;;;;;;"PR";"28";"";"";"";"";"";"";;"";"";;"";"";"";;"";"";"";"";
"";;"CINZA";;;;;;;"1";"";"";"";"";"";"";;"";"";;"";"";"";;"";"";"";"";"1";"45,53";;"45,53";;;"";;
"295749 - UMBRO CUP ADULTO ";;;;;;;;"PR";"35";"";"";"";"";"";"";;"";"";;"";"";"";;"";"";"";"";"";;;;;;;;
"";;"BRANCO";;;;;;;"4";"";"";"";"";"";"";;"";"";;"";"";"";;"";"";"";"";"4";"223,50";;"55,88";;;"";;
"295165 - UMBRO GT II";;;;;;;;"PR";"35";"";"";"";"";"";"";;"";"";;"";"";"";;"";"";"";"";"";;;;;;;;
"";;"VERDE";;;;;;;"3";"";"";"";"";"";"";;"";"";;"";"";"";;"";"";"";"";"3";"167,11";;"55,70";;;"";;
"295413 - UMBRO STRIKER ADULTO";;;;;;;;"PR";"37";"";"";"";"";"";"";;"";"";;"";"";"";;"";"";"";"";"";;;;;;;;
"";;"VERMELHO";;;;;;;"5";"";"";"";"";"";"";;"";"";;"";"";"";;"";"";"";"";"5";"217,27";;"43,45";;;"";;
"295796 - UMBRO VERSUS ADULTO";;;;;;;;"PR";"37";"";"";"";"";"";"";;"";"";;"";"";"";;"";"";"";"";"";;;;;;;;
"";;"AMARELO";;;;;;;"8";"";"";"";"";"";"";;"";"";;"";"";"";;"";"";"";"";"8";"561,60";;"70,20";;;"";;
"295750 - UMBRO VERSUS INFANTIL";;;;;;;;"PR";"29";"";"";"";"";"";"";;"";"";;"";"";"";;"";"";"";"";"";;;;;;;;
"";;"BRANCO";;;;;;;"1";"";"";"";"";"";"";;"";"";;"";"";"";;"";"";"";"";"1";"60,72";;"60,72";;;"";;
"295181 - UMBRO VISION";;;;;;;;"PR";"37";"";"";"";"";"";"";;"";"";;"";"";"";;"";"";"";"";"";;;;;;;;
"";;"AMARELO";;;;;;;"1";"";"";"";"";"";"";;"";"";;"";"";"";;"";"";"";"";"1";"66,70";;"66,70";;;"";;
"";;;;;"Total Fornecedor";;;;"23";"";"";"";"";"";"";;"";"";;"";"";"";;"";"";"";"";"23";"1.342,43";;"58,37";;;"";;
"FORNECEDOR: 540 - USAFLEX INDUSTRIA & COMERCIO S.A";;;;;;;;;"";;;;;;;;;;;;;;;;;;;;;;;;;;;
"295303 - USAFLEX M7519";;;;;;;;"PR";"33";"";"";"";"";"";"";;"";"";;"";"";"";;"";"";"";"";
"";;"OURO";;;;;;;"3";"";"";"";"";"";"";;"";"";;"";"";"";;"";"";"";"";"3";"214,80";;"71,60";;;"";;
"";;;;;"Total Fornecedor";;;;"3";"";"";"";"";"";"";;"";"";;"";"";"";;"";"";"";"";"3";"214,80";;"71,60";;;"";;
"FORNECEDOR: 344 - VIA MARTE";;;;;;;;;"";;;;;;;;;;;;;;;;;;;;;;;;;;;
"296578 - VIA MARTE 14-12801";;;;;;;;"PC";"33";"34";"35";"36";"37";"38";"39";;"";"";;"";"";"";;"";"";"";"";
"";;"PRETO";;;;;;;"1";"1";"1";"1";"1";"1";"1";;"";"";;"";"";"";;"";"";"";"";"7";"335,30";;"47,90";;;"";;
"296585 - VIA MARTE 14-14701";;;;;;;;"PAR";"34";"35";"36";"37";"38";"";"";;"";"";;"";"";"";;"";"";"";"";"";;;;;;;;
"";;"BRANCO";;;;;;;"";"1";"1";"1";"1";"";"";;"";"";;"";"";"";;"";"";"";"";"4";"251,60";;"62,90";;;"";;
"";;"PESSEGO";;;;;;;"1";"";"1";"1";"1";"";"";;"";"";;"";"";"";;"";"";"";"";"4";"251,60";;"62,90";;;"";;
"Total do Produto";;;"1";"1";"2";"2";"2";"";"";;"";"";;"";"";"";;"";"";"";"";"8";"503,20";;"62,90";;;
"296599 - VIA MARTE 14.14803";;;;;;;;"PR";"33";"34";"35";"36";"37";"38";"";;"";"";;"";"";"";;"";"";"";"";"";;;;;;;;
"";;"PESSEGO";;;;;;;"1";"1";"1";"1";"1";"1";"";;"";"";;"";"";"";;"";"";"";"";"6";"317,40";;"52,90";;;"";;
"296600 - VIA MARTE 14.14805 ";;;;;;;;"PAR";"37";"38";"";"";"";"";"";;"";"";;"";"";"";;"";"";"";"";"";;;;;;;;
"";;"PRETO";;;;;;;"1";"2";"";"";"";"";"";;"";"";;"";"";"";;"";"";"";"";"3";"131,70";;"43,90";;;"";;
"";;;;;"Total Fornecedor";;;;"4";"5";"4";"4";"4";"2";"1";;"";"";;"";"";"";;"";"";"";"";"24";"1.287,60";;"53,65";;;"";;
"FORNECEDOR: 635 - VULCABRAS AZALEIA-BA, CAL E ART ESP S/A";;;;;;;;;"";;;;;;;;;;;;;;;;;;;;;;;;;;;
"295353 - OLIMPIKUS CENNOR";;;;;;;;"UN";"33";"34";"35";"36";"38";"";"";;"";"";;"";"";"";;"";"";"";"";

"TecSoft - Tecnologia em Sistemas";;;;;;;;;;;;;;;;;;;;;;;;;;;;;;;;;;;;
"";;"VALENTINI COMERCIO DE CALCADOS EIRELI LTDA";;;;;;"RELATÓRIO DE ESTOQUES POR GRADE";;;;;;;;;;;;;;"DATA:";"27/08/2014";;;;
;;"89190-000  TAIO  SC";"";;;"SITUAÇÃO EM 27 DE AGOSTO DE 2014";;;;;;;;;;"PÁG.:";"15";;
;;" Filiais: '1'";;;
"REFERÊNCIA/DESCRIÇÃO";;;;"";;;"UNIDADE";;"TAMANHOS";;;"";;;;;;;;;;;;;;;;"TOTALESTOQUE";"VALORFINANCEIRO";"CUSTOMÉDIO";;;;"";;
"";;;;;;;"";;;;;;;;;;;;;;;;;;;;;;;;;;;;;
"";;"PRATA";;;;;;;"4";"1";"1";"1";"1";"";"";;"";"";;"";"";"";;"";"";"";"";"8";"293,88";;"36,73";;;"";;
"";;"VERMELHO";;;;;;;"";"";"";"";"1";"";"";;"";"";;"";"";"";;"";"";"";"";"1";"0,00";;"0,00";;;"";;
"Total do Produto";;;"4";"1";"1";"1";"2";"";"";;"";"";;"";"";"";;"";"";"";"";"9";"293,88";;"32,65";;;
"295439 - OLIMPIKUS FASTER";;;;;;;;"PR";"37";"38";"40";"41";"42";"";"";;"";"";;"";"";"";;"";"";"";"";"";;;;;;;;
"";;"AZUL";;;;;;;"5";"1";"1";"1";"2";"";"";;"";"";;"";"";"";;"";"";"";"";"10";"597,00";;"59,70";;;"";;
"296183 - OLIMPIKUS FLIX";;;;;;;;"UN";"33";"38";"";"";"";"";"";;"";"";;"";"";"";;"";"";"";"";"";;;;;;;;
"";;"CINZA";;;;;;;"";"1";"";"";"";"";"";;"";"";;"";"";"";;"";"";"";"";"1";"65,76";;"65,76";;;"";;
"";;"PRATA";;;;;;;"1";"";"";"";"";"";"";;"";"";;"";"";"";;"";"";"";"";"1";"59,95";;"59,95";;;"";;
"Total do Produto";;;"1";"1";"";"";"";"";"";;"";"";;"";"";"";;"";"";"";"";"2";"125,71";;"62,86";;;
"296013 - OLIMPIKUS GYM";;;;;;;;"UN";"34";"37";"38";"41";"42";"43";"44";;"";"";;"";"";"";;"";"";"";"";"";;;;;;;;
"";;"CAFé";;;;;;;"";"8";"";"";"";"";"";;"";"";;"";"";"";;"";"";"";"";"8";"519,60";;"64,95";;;"";;
"";;"CINZA";;;;;;;"";"";"";"1";"1";"2";"1";;"";"";;"";"";"";;"";"";"";"";"5";"0,00";;"0,00";;;"";;
"";;"MARINE";;;;;;;"1";"1";"1";"";"";"";"";;"";"";;"";"";"";;"";"";"";"";"3";"0,00";;"0,00";;;"";;
"Total do Produto";;;"1";"9";"1";"1";"1";"2";"1";;"";"";;"";"";"";;"";"";"";"";"16";"519,60";;"32,48";;;
"294677 - OLIMPIKUS SKIP";;;;;;;;"PR";"33";"36";"";"";"";"";"";;"";"";;"";"";"";;"";"";"";"";"";;;;;;;;
"";;"PRETO";;;;;;;"1";"1";"";"";"";"";"";;"";"";;"";"";"";;"";"";"";"";"2";"64,26";;"32,13";;;"";;
"296012 - OLIMPIKUS SPIN";;;;;;;;"UN";"37";"";"";"";"";"";"";;"";"";;"";"";"";;"";"";"";"";"";;;;;;;;
"";;"CINZA";;;;;;;"1";"";"";"";"";"";"";;"";"";;"";"";"";;"";"";"";"";"1";"49,95";;"49,95";;;"";;
"294678 - OLIMPIKUS SPRY";;;;;;;;"PR";"33";"35";"";"";"";"";"";;"";"";;"";"";"";;"";"";"";"";"";;;;;;;;
"";;"BRANCO";;;;;;;"1";"1";"";"";"";"";"";;"";"";;"";"";"";;"";"";"";"";"2";"50,49";;"25,25";;;"";;
"296542 - OLYMPIKUS FLIX";;;;;;;;"PR";"34";"35";"36";"";"";"";"";;"";"";;"";"";"";;"";"";"";"";"";;;;;;;;
"";;"PRETO";;;;;;;"1";"1";"1";"";"";"";"";;"";"";;"";"";"";;"";"";"";"";"3";"197,28";;"65,76";;;"";;
"";;;;;"Total Fornecedor";;;;"15";"15";"4";"3";"5";"2";"1";;"";"";;"";"";"";;"";"";"";"";"45";"1.898,17";;"42,18";;;"";;
"FORNECEDOR: 28 - VULCABRAS DIST. DE ART. ESPORTIVO";;;;;;;;;"";;;;;;;;;;;;;;;;;;;;;;;;;;;
"291778 - OLIMPIKUS CENTURY/FORCE/TWISTER";;;;;;;;"UN";"33";"34";"37";"39";"";"";"";;"";"";;"";"";"";;"";"";"";"";
"";;"LILAZ";;;;;;;"";"1";"";"1";"";"";"";;"";"";;"";"";"";;"";"";"";"";"2";"0,00";;"0,00";;;"";;
"";;"PRETO";;;;;;;"3";"";"1";"";"";"";"";;"";"";;"";"";"";;"";"";"";"";"4";"229,44";;"57,36";;;"";;
"Total do Produto";;;"3";"1";"1";"1";"";"";"";;"";"";;"";"";"";;"";"";"";"";"6";"229,44";;"38,24";;;
"292875 - OLIMPIKUS CLIMB";;;;;;;;"PR";"33";"34";"38";"";"";"";"";;"";"";;"";"";"";;"";"";"";"";"";;;;;;;;
"";;"BRANCO";;;;;;;"1";"1";"1";"";"";"";"";;"";"";;"";"";"";;"";"";"";"";"3";"109,57";;"36,52";;;"";;
"293731 - OLIMPIKUS CRONOS RIO";;;;;;;;"PR";"35";"37";"";"";"";"";"";;"";"";;"";"";"";;"";"";"";"";"";;;;;;;;
"";;"BRANCO";;;;;;;"1";"";"";"";"";"";"";;"";"";;"";"";"";;"";"";"";"";"1";"0,00";;"0,00";;;"";;
"";;"PRETO";;;;;;;"";"1";"";"";"";"";"";;"";"";;"";"";"";;"";"";"";"";"1";"89,60";;"89,60";;;"";;
"Total do Produto";;;"1";"1";"";"";"";"";"";;"";"";;"";"";"";;"";"";"";"";"2";"89,60";;"44,80";;;
"293178 - OLIMPIKUS KRYPTUS";;;;;;;;"PR";"33";"36";"";"";"";"";"";;"";"";;"";"";"";;"";"";"";"";"";;;;;;;;
"";;"BRANCO";;;;;;;"1";"1";"";"";"";"";"";;"";"";;"";"";"";;"";"";"";"";"2";"74,63";;"37,31";;;"";;
"294839 - OLIMPIKUS NETUNO";;;;;;;;"PR";"35";"37";"40";"41";"";"";"";;"";"";;"";"";"";;"";"";"";"";"";;;;;;;;
"";;"AZUL";;;;;;;"";"3";"1";"1";"";"";"";;"";"";;"";"";"";;"";"";"";"";"5";"275,55";;"55,11";;;"";;
"";;"UVA";;;;;;;"1";"";"";"";"";"";"";;"";"";;"";"";"";;"";"";"";"";"1";"0,00";;"0,00";;;"";;

"TecSoft - Tecnologia em Sistemas";;;;;;;;;;;;;;;;;;;;;;;;;;;;;;;;;;;;
"";;"VALENTINI COMERCIO DE CALCADOS EIRELI LTDA";;;;;;"RELATÓRIO DE ESTOQUES POR GRADE";;;;;;;;;;;;;;"DATA:";"27/08/2014";;;;
;;"89190-000  TAIO  SC";"";;;"SITUAÇÃO EM 27 DE AGOSTO DE 2014";;;;;;;;;;"PÁG.:";"16";;
;;" Filiais: '1'";;;
"REFERÊNCIA/DESCRIÇÃO";;;;"";;;"UNIDADE";;"TAMANHOS";;;"";;;;;;;;;;;;;;;;"TOTALESTOQUE";"VALORFINANCEIRO";"CUSTOMÉDIO";;;;"";;
"";;;;;;;"";;;;;;;;;;;;;;;;;;;;;;;;;;;;;
"Total do Produto";;;"1";"3";"1";"1";"";"";"";;"";"";;"";"";"";;"";"";"";"";"6";"275,55";;"45,93";;;
"294721 - OLIMPIKUS PODIUM";;;;;;;;"PR";"35";"37";"38";"";"";"";"";;"";"";;"";"";"";;"";"";"";"";"";;;;;;;;
"";;"BRANCO";;;;;;;"1";"";"";"";"";"";"";;"";"";;"";"";"";;"";"";"";"";"1";"0,00";;"0,00";;;"";;
"";;"PRATA";;;;;;;"";"2";"";"";"";"";"";;"";"";;"";"";"";;"";"";"";"";"2";"143,35";;"71,67";;;"";;
"";;"ROSA";;;;;;;"";"";"1";"";"";"";"";;"";"";;"";"";"";;"";"";"";"";"1";"0,00";;"0,00";;;"";;
"Total do Produto";;;"1";"2";"1";"";"";"";"";;"";"";;"";"";"";;"";"";"";"";"4";"143,35";;"35,84";;;
"294585 - OLIMPIKUS STRONG";;;;;;;;"PR";"33";"34";"35";"36";"37";"";"";;"";"";;"";"";"";;"";"";"";"";"";;;;;;;;
"";;"CINZA";;;;;;;"";"1";"2";"2";"";"";"";;"";"";;"";"";"";;"";"";"";"";"5";"0,00";;"0,00";;;"";;
"";;"PRETO";;;;;;;"";"1";"1";"";"1";"";"";;"";"";;"";"";"";;"";"";"";"";"3";"0,00";;"0,00";;;"";;
"";;"ROSA";;;;;;;"8";"";"";"";"";"";"";;"";"";;"";"";"";;"";"";"";"";"8";"388,66";;"48,58";;;"";;
"Total do Produto";;;"8";"2";"3";"2";"1";"";"";;"";"";;"";"";"";;"";"";"";"";"16";"388,66";;"24,29";;;
"";;;;;"Total Fornecedor";;;;"16";"11";"7";"4";"1";"";"";;"";"";;"";"";"";;"";"";"";"";"39";"1.310,80";;"33,61";;;"";;
"FORNECEDOR: 389 - VULCABRAS S/AZALEIA - CE, C. E A. E. S/A";;;;;;;;;"";;;;;;;;;;;;;;;;;;;;;;;;;;;
"296290 - OLIMPIKUS DECISION";;;;;;;;"UN";"33";"37";"38";"39";"40";"41";"";;"";"";;"";"";"";;"";"";"";"";
"";;"AZUL";;;;;;;"";"1";"1";"1";"1";"1";"";;"";"";;"";"";"";;"";"";"";"";"5";"0,00";;"0,00";;;"";;
"";;"ROXO";;;;;;;"5";"";"";"";"";"";"";;"";"";;"";"";"";;"";"";"";"";"5";"749,75";;"149,95";;;"";;
"Total do Produto";;;"5";"1";"1";"1";"1";"1";"";;"";"";;"";"";"";;"";"";"";"";"10";"749,75";;"74,97";;;
"295167 - OLIMPIKUS MAXIM ";;;;;;;;"PR";"33";"36";"";"";"";"";"";;"";"";;"";"";"";;"";"";"";"";"";;;;;;;;
"";;"AZUL";;;;;;;"1";"1";"";"";"";"";"";;"";"";;"";"";"";;"";"";"";"";"2";"0,00";;"0,00";;;"";;
"";;"ROSA";;;;;;;"2";"";"";"";"";"";"";;"";"";;"";"";"";;"";"";"";"";"2";"137,74";;"68,87";;;"";;
"Total do Produto";;;"3";"1";"";"";"";"";"";;"";"";;"";"";"";;"";"";"";"";"4";"137,74";;"34,44";;;
"293420 - OLIMPIKUS MODERN";;;;;;;;"PR";"33";"34";"";"";"";"";"";;"";"";;"";"";"";;"";"";"";"";"";;;;;;;;
"";;"PRETO";;;;;;;"1";"1";"";"";"";"";"";;"";"";;"";"";"";;"";"";"";"";"2";"108,23";;"54,11";;;"";;
"296255 - OLIMPIKUS POSITION";;;;;;;;"PR";"33";"38";"39";"40";"41";"42";"43";;"";"";;"";"";"";;"";"";"";"";"";;;;;;;;
"";;"CINZA";;;;;;;"";"1";"1";"1";"2";"1";"1";;"";"";;"";"";"";;"";"";"";"";"7";"0,00";;"0,00";;;"";;
"";;"ROSA";;;;;;;"8";"";"1";"";"";"";"";;"";"";;"";"";"";;"";"";"";"";"9";"1.119,60";;"124,40";;;"";;
"Total do Produto";;;"8";"1";"2";"1";"2";"1";"1";;"";"";;"";"";"";;"";"";"";"";"16";"1.119,60";;"69,97";;;
"294580 - OLIMPIKUS POTENCY";;;;;;;;"PR";"33";"38";"41";"";"";"";"";;"";"";;"";"";"";;"";"";"";"";"";;;;;;;;
"";;"BRANCO";;;;;;;"2";"1";"1";"";"";"";"";;"";"";;"";"";"";;"";"";"";"";"4";"91,78";;"22,95";;;"";;
"294581 - OLIMPIKUS READY";;;;;;;;"UN";"33";"35";"36";"37";"";"";"";;"";"";;"";"";"";;"";"";"";"";"";;;;;;;;
"";;"PRETO";;;;;;;"3";"1";"1";"1";"";"";"";;"";"";;"";"";"";;"";"";"";"";"6";"165,24";;"27,54";;;"";;
"296289 - OLIMPIKUS SHARP";;;;;;;;"UN";"33";"38";"39";"40";"41";"43";"";;"";"";;"";"";"";;"";"";"";"";"";;;;;;;;
"";;"AZUL";;;;;;;"";"1";"1";"1";"1";"1";"";;"";"";;"";"";"";;"";"";"";"";"5";"0,00";;"0,00";;;"";;
"";;"PRETO";;;;;;;"6";"";"";"";"";"";"";;"";"";;"";"";"";;"";"";"";"";"6";"329,70";;"54,95";;;"";;
"Total do Produto";;;"6";"1";"1";"1";"1";"1";"";;"";"";;"";"";"";;"";"";"";"";"11";"329,70";;"29,97";;;
"294720 - OLIMPIKUS START";;;;;;;;"PR";"33";"38";"";"";"";"";"";;"";"";;"";"";"";;"";"";"";"";"";;;;;;;;
"";;"CINZA";;;;;;;"1";"1";"";"";"";"";"";;"";"";;"";"";"";;"";"";"";"";"2";"73,48";;"36,74";;;"";;
"295823 - OLIMPIKUS SUN 954";;;;;;;;"UN";"33";"43";"";"";"";"";"";;"";"";;"";"";"";;"";"";"";"";"";;;;;;;;
"";;"AZUL";;;;;;;"1";"1";"";"";"";"";"";;"";"";;"";"";"";;"";"";"";"";"2";"69,95";;"34,98";;;"";;
"";;;;;;;;;;;;;;;;;;;;;;;;;;;;;;;;;;;;

"TecSoft - Tecnologia em Sistemas";;;;;;;;;;;;;;;;;;;;;;;;;;;;;;;;;;;;
"";;"VALENTINI COMERCIO DE CALCADOS EIRELI LTDA";;;;;;"RELATÓRIO DE ESTOQUES POR GRADE";;;;;;;;;;;;;;"DATA:";"27/08/2014";;;;
;;"89190-000  TAIO  SC";"";;;"SITUAÇÃO EM 27 DE AGOSTO DE 2014";;;;;;;;;;"PÁG.:";"17";;
;;" Filiais: '1'";;;
"REFERÊNCIA/DESCRIÇÃO";;;;"";;;"UNIDADE";;"TAMANHOS";;;"";;;;;;;;;;;;;;;;"TOTALESTOQUE";"VALORFINANCEIRO";"CUSTOMÉDIO";;;;"";;
"";;;;;;;"";;;;;;;;;;;;;;;;;;;;;;;;;;;;;
"293515 - OLIMPIKUS TECKNUS";;;;;;;;"PR";"33";"36";"";"";"";"";"";;"";"";;"";"";"";;"";"";"";"";
"";;"PRETO";;;;;;;"1";"1";"";"";"";"";"";;"";"";;"";"";"";;"";"";"";"";"2";"116,48";;"58,24";;;"";;
"292474 - OLIMPIKUS WEEKEND/ GLASS/ YOUNG";;;;;;;;"UN";"33";"37";"";"";"";"";"";;"";"";;"";"";"";;"";"";"";"";"";;;;;;;;
"";;"BRANCO";;;;;;;"1";"1";"";"";"";"";"";;"";"";;"";"";"";;"";"";"";"";"2";"46,11";;"23,05";;;"";;
"295168 - OLIMPIKUS ZEUS";;;;;;;;"PR";"33";"34";"35";"41";"43";"";"";;"";"";;"";"";"";;"";"";"";"";"";;;;;;;;
"";;"AZUL";;;;;;;"1";"1";"2";"1";"1";"";"";;"";"";;"";"";"";;"";"";"";"";"6";"0,00";;"0,00";;;"";;
"";;"PRETO";;;;;;;"6";"";"";"";"";"";"";;"";"";;"";"";"";;"";"";"";"";"6";"282,62";;"47,10";;;"";;
"Total do Produto";;;"7";"1";"2";"1";"1";"";"";;"";"";;"";"";"";;"";"";"";"";"12";"282,62";;"23,55";;;
"295163 - OLIMPIKUS ZONIX";;;;;;;;"PR";"37";"39";"41";"";"";"";"";;"";"";;"";"";"";;"";"";"";"";"";;;;;;;;
"";;"PRATA";;;;;;;"3";"1";"2";"";"";"";"";;"";"";;"";"";"";;"";"";"";"";"6";"275,52";;"45,92";;;"";;
"";;;;;"Total Fornecedor";;;;"42";"13";"10";"5";"5";"3";"1";;"";"";;"";"";"";;"";"";"";"";"79";"3.566,20";;"45,14";;;"";;
"FORNECEDOR: 906 - WEST COAST NORDESTE CALCADOS LTDA";;;;;;;;;"";;;;;;;;;;;;;;;;;;;;;;;;;;;
"295789 - WEST COAST 13602/ 3/ 4/ 112304";;;;;;;;"UN";"38";"41";"43";"";"";"";"";;"";"";;"";"";"";;"";"";"";"";
"";;"CAFé";;;;;;;"1";"";"1";"";"";"";"";;"";"";;"";"";"";;"";"";"";"";"2";"243,33";;"121,66";;;"";;
"";;"GELO";;;;;;;"";"1";"";"";"";"";"";;"";"";;"";"";"";;"";"";"";"";"1";"162,22";;"162,22";;;"";;
"Total do Produto";;;"1";"1";"1";"";"";"";"";;"";"";;"";"";"";;"";"";"";"";"3";"405,55";;"135,18";;;
"296269 - WEST COAST SAPATENIS 110517-2/ 110518-1";;;;;;;;"UN";"39";"40";"41";"43";"44";"";"";;"";"";;"";"";"";;"";"";"";"";"";;;;;;;;
"";;"CINZA";;;;;;;"1";"1";"1";"1";"1";"";"";;"";"";;"";"";"";;"";"";"";"";"5";"700,76";;"140,15";;;"";;
"";;;;;"Total Fornecedor";;;;"2";"2";"2";"1";"1";"";"";;"";"";;"";"";"";;"";"";"";"";"8";"1.106,31";;"138,29";;;"";;
"FORNECEDOR: 85 - ZOTTO CALCADOS LTDA";;;;;;;;;"";;;;;;;;;;;;;;;;;;;;;;;;;;;
"295948 - ZOTTO TENIS ZV131";;;;;;;;"UN";"35";"37";"39";"40";"41";"42";"";;"";"";;"";"";"";;"";"";"";"";
"";;"AZUL";;;;;;;"";"";"";"1";"1";"1";"";;"";"";;"";"";"";;"";"";"";"";"3";"139,60";;"46,53";;;"";;
"";;"PRETO";;;;;;;"1";"1";"";"1";"1";"";"";;"";"";;"";"";"";;"";"";"";"";"4";"156,05";;"39,01";;;"";;
"";;"VERMELHO";;;;;;;"1";"1";"1";"";"";"";"";;"";"";;"";"";"";;"";"";"";"";"3";"104,70";;"34,90";;;"";;
"Total do Produto";;;"2";"2";"1";"2";"2";"1";"";;"";"";;"";"";"";;"";"";"";"";"10";"400,35";;"40,03";;;
"";;;;;"Total Fornecedor";;;;"2";"2";"1";"2";"2";"1";"";;"";"";;"";"";"";;"";"";"";"";"10";"400,35";;"40,03";;;"";;
"";;;;;;;;;;;;;;;;;;;;;;;;;;;;;;;;;;;;

"TecSoft - Tecnologia em Sistemas";;;;;;;;;;;;;;;;;;;;;;;;;;;;;;;;;;;;
